"","Package","LibPath","Version","Priority","Depends","Imports","LinkingTo","Suggests","Enhances","License","License_is_FOSS","License_restricts_use","OS_type","MD5sum","NeedsCompilation","Built"
"abind","abind","/usr/local/lib/R/site-library","1.4-5",NA,"R (>= 1.5.0)","methods, utils",NA,NA,NA,"LGPL (>= 2)",NA,NA,NA,NA,"no","4.2.0"
"ade4","ade4","/usr/local/lib/R/site-library","1.7-19",NA,"R (>= 2.10)","graphics, grDevices, methods, stats, utils, MASS, pixmap, sp",NA,"ade4TkGUI, adegraphics, adephylo, ape, CircStats, deldir,
lattice, spdep, splancs, waveslim, progress, foreach, parallel,
doParallel, iterators",NA,"GPL (>= 2)",NA,NA,NA,NA,"yes","4.2.0"
"arrow","arrow","/usr/local/lib/R/site-library","8.0.0",NA,"R (>= 3.4)","assertthat, bit64 (>= 0.9-7), methods, purrr, R6, rlang,
stats, tidyselect (>= 1.0.0), utils, vctrs","cpp11 (>= 0.4.2)","DBI, dbplyr, decor, distro, dplyr, duckdb (>= 0.2.8), hms,
knitr, lubridate, pkgload, reticulate, rmarkdown, stringi,
stringr, testthat (>= 3.1.0), tibble, tzdb, withr",NA,"Apache License (>= 2.0)",NA,NA,NA,NA,"yes","4.2.0"
"askpass","askpass","/usr/local/lib/R/site-library","1.1",NA,NA,"sys (>= 2.1)",NA,"testthat",NA,"MIT + file LICENSE",NA,NA,NA,NA,"yes","4.2.0"
"assertthat","assertthat","/usr/local/lib/R/site-library","0.2.1",NA,NA,"tools",NA,"testthat, covr",NA,"GPL-3",NA,NA,NA,NA,"no","4.2.0"
"backports","backports","/usr/local/lib/R/site-library","1.4.1",NA,"R (>= 3.0.0)",NA,NA,NA,NA,"GPL-2 | GPL-3",NA,NA,NA,NA,"yes","4.2.0"
"base64enc","base64enc","/usr/local/lib/R/site-library","0.1-3",NA,"R (>= 2.9.0)",NA,NA,NA,"png","GPL-2 | GPL-3",NA,NA,NA,NA,"yes","4.2.0"
"BH","BH","/usr/local/lib/R/site-library","1.78.0-0",NA,NA,NA,NA,NA,NA,"BSL-1.0",NA,NA,NA,NA,"no","4.2.0"
"BiocManager","BiocManager","/usr/local/lib/R/site-library","1.30.18",NA,NA,"utils",NA,"BiocVersion, remotes, rmarkdown, testthat, withr, curl, knitr",NA,"Artistic-2.0",NA,NA,NA,NA,"no","4.2.0"
"bit","bit","/usr/local/lib/R/site-library","4.0.4",NA,"R (>= 2.9.2)",NA,NA,"testthat (>= 0.11.0), roxygen2, knitr, rmarkdown,
microbenchmark, bit64 (>= 4.0.0), ff (>= 4.0.0)",NA,"GPL-2 | GPL-3",NA,NA,NA,NA,"yes","4.2.0"
"bit64","bit64","/usr/local/lib/R/site-library","4.0.5",NA,"R (>= 3.0.1), bit (>= 4.0.0), utils, methods, stats",NA,NA,NA,NA,"GPL-2 | GPL-3",NA,NA,NA,NA,"yes","4.2.0"
"bitops","bitops","/usr/local/lib/R/site-library","1.0-7",NA,NA,NA,NA,NA,NA,"GPL (>= 2)",NA,NA,NA,NA,"yes","4.2.0"
"blob","blob","/usr/local/lib/R/site-library","1.2.3",NA,NA,"methods, rlang, vctrs (>= 0.2.1)",NA,"covr, crayon, pillar (>= 1.2.1), testthat",NA,"MIT + file LICENSE",NA,NA,NA,NA,"no","4.2.0"
"brew","brew","/usr/local/lib/R/site-library","1.0-7",NA,NA,NA,NA,"testthat",NA,"GPL-2",NA,NA,NA,NA,"no","4.2.0"
"brio","brio","/usr/local/lib/R/site-library","1.1.3",NA,NA,NA,NA,"covr, testthat (>= 2.1.0)",NA,"MIT + file LICENSE",NA,NA,NA,NA,"yes","4.2.0"
"broom","broom","/usr/local/lib/R/site-library","1.0.0",NA,"R (>= 3.1)","backports, dplyr (>= 1.0.0), ellipsis, generics (>= 0.0.2),
glue, methods, purrr, rlang, stringr, tibble (>= 3.0.0), tidyr
(>= 1.0.0), ggplot2",NA,"AER, AUC, bbmle, betareg, biglm, binGroup, boot, btergm (>=
1.10.6), car, caret, cluster, cmprsk, coda, covr, drc, e1071,
emmeans, epiR, ergm (>= 3.10.4), fixest (>= 0.9.0), gam (>=
1.15), gee, geepack, glmnet, glmnetUtils, gmm, Hmisc, irlba,
interp, joineRML, Kendall, knitr, ks, Lahman, lavaan, leaps,
lfe, lm.beta, lme4, lmodel2, lmtest (>= 0.9.38), lsmeans, maps,
maptools, margins, MASS, Matrix, mclust, mediation, metafor,
mfx, mgcv, mlogit, modeldata, modeltests, muhaz, multcomp,
network, nnet, orcutt (>= 2.2), ordinal, plm, poLCA, psych,
quantreg, rgeos, rmarkdown, robust, robustbase, rsample,
sandwich, sp, spdep (>= 1.1), spatialreg, speedglm, spelling,
survey, survival, systemfit, testthat (>= 2.1.0), tseries,
vars, zoo",NA,"MIT + file LICENSE",NA,NA,NA,NA,"no","4.2.0"
"bslib","bslib","/usr/local/lib/R/site-library","0.4.0",NA,"R (>= 2.10)","grDevices, htmltools (>= 0.5.2), jsonlite, sass (>= 0.4.0),
jquerylib (>= 0.1.3), rlang, cachem, memoise",NA,"shiny (>= 1.6.0), rmarkdown (>= 2.7), thematic, knitr,
testthat, withr, rappdirs, curl, magrittr",NA,"MIT + file LICENSE",NA,NA,NA,NA,"no","4.2.0"
"cachem","cachem","/usr/local/lib/R/site-library","1.0.6",NA,NA,"rlang, fastmap",NA,"testthat",NA,"MIT + file LICENSE",NA,NA,NA,NA,"yes","4.2.0"
"callr","callr","/usr/local/lib/R/site-library","3.7.1",NA,"R (>= 3.4)","processx (>= 3.6.1), R6, utils",NA,"cli (>= 1.1.0), covr, mockery, ps, rprojroot, spelling,
testthat (>= 3.0.0), withr (>= 2.3.0)",NA,"MIT + file LICENSE",NA,NA,NA,NA,"no","4.2.0"
"caTools","caTools","/usr/local/lib/R/site-library","1.18.2",NA,"R (>= 3.6.0)","bitops",NA,"MASS, rpart",NA,"GPL-3",NA,NA,NA,NA,"yes","4.2.0"
"cellranger","cellranger","/usr/local/lib/R/site-library","1.1.0",NA,"R (>= 3.0.0)","rematch, tibble",NA,"covr, testthat (>= 1.0.0), knitr, rmarkdown",NA,"MIT + file LICENSE",NA,NA,NA,NA,"no","4.2.0"
"checkmate","checkmate","/usr/local/lib/R/site-library","2.1.0",NA,"R (>= 3.0.0)","backports (>= 1.1.0), utils",NA,"R6, fastmatch, data.table (>= 1.9.8), devtools, ggplot2,
knitr, magrittr, microbenchmark, rmarkdown, testthat (>=
3.0.4), tinytest (>= 1.1.0), tibble",NA,"BSD_3_clause + file LICENSE",NA,NA,NA,NA,"yes","4.2.0"
"classInt","classInt","/usr/local/lib/R/site-library","0.4-7",NA,"R (>= 2.2)","grDevices, stats, graphics, e1071, class, KernSmooth",NA,"spData (>= 0.2.6.2), units, knitr, rmarkdown",NA,"GPL (>= 2)",NA,NA,NA,NA,"yes","4.2.0"
"cli","cli","/usr/local/lib/R/site-library","3.3.0",NA,"R (>= 3.4)","glue (>= 1.6.0), utils",NA,"asciicast, callr, covr, digest, grDevices, htmltools,
htmlwidgets, knitr, methods, mockery, processx, ps (>=
1.3.4.9000), rlang, rmarkdown, rstudioapi, shiny, testthat,
tibble, whoami, withr",NA,"MIT + file LICENSE",NA,NA,NA,NA,"yes","4.2.0"
"clipr","clipr","/usr/local/lib/R/site-library","0.8.0",NA,NA,"utils",NA,"covr, knitr, rmarkdown, rstudioapi (>= 0.5), testthat (>=
2.0.0)",NA,"GPL-3",NA,NA,NA,NA,"no","4.2.0"
"collections","collections","/usr/local/lib/R/site-library","0.3.5",NA,NA,NA,NA,"covr (>= 3.4.0), testthat (>= 2.3.1)",NA,"MIT + file LICENSE",NA,NA,NA,NA,"yes","4.2.0"
"colorspace","colorspace","/usr/local/lib/R/site-library","2.0-3",NA,"R (>= 3.0.0), methods","graphics, grDevices, stats",NA,"datasets, utils, KernSmooth, MASS, kernlab, mvtnorm, vcd,
tcltk, shiny, shinyjs, ggplot2, dplyr, scales, grid, png, jpeg,
knitr, rmarkdown, RColorBrewer, rcartocolor, scico, viridis,
wesanderson",NA,"BSD_3_clause + file LICENSE",NA,NA,NA,NA,"yes","4.2.0"
"commonmark","commonmark","/usr/local/lib/R/site-library","1.8.0",NA,NA,NA,NA,"curl, testthat, xml2",NA,"BSD_2_clause + file LICENSE",NA,NA,NA,NA,"yes","4.2.0"
"cowplot","cowplot","/usr/local/lib/R/site-library","1.1.1",NA,"R (>= 3.5.0)","ggplot2 (> 2.2.1), grid, gtable, grDevices, methods, rlang,
scales",NA,"Cairo, covr, dplyr, forcats, gridGraphics (>= 0.4-0), knitr,
lattice, magick, maps, PASWR, patchwork, rmarkdown, ragg,
testthat (>= 1.0.0), tidyr, vdiffr (>= 0.3.0), VennDiagram",NA,"GPL-2",NA,NA,NA,NA,"no","4.2.0"
"cpp11","cpp11","/usr/local/lib/R/site-library","0.4.2",NA,NA,NA,NA,"bench, brio, callr, cli, covr, decor, desc, ggplot2, glue,
knitr, lobstr, mockery, progress, rmarkdown, scales, Rcpp,
testthat, tibble, utils, vctrs, withr",NA,"MIT + file LICENSE",NA,NA,NA,NA,"no","4.2.0"
"crayon","crayon","/usr/local/lib/R/site-library","1.5.1",NA,NA,"grDevices, methods, utils",NA,"mockery, rstudioapi, testthat, withr",NA,"MIT + file LICENSE",NA,NA,NA,NA,"no","4.2.0"
"credentials","credentials","/usr/local/lib/R/site-library","1.3.2",NA,NA,"openssl (>= 1.3), sys (>= 2.1), curl, jsonlite, askpass",NA,"testthat, knitr, rmarkdown",NA,"MIT + file LICENSE",NA,NA,NA,NA,"no","4.2.0"
"crosstalk","crosstalk","/usr/local/lib/R/site-library","1.2.0",NA,NA,"htmltools (>= 0.3.6), jsonlite, lazyeval, R6",NA,"shiny, ggplot2, testthat (>= 2.1.0), sass, bslib",NA,"MIT + file LICENSE",NA,NA,NA,NA,"no","4.2.0"
"crul","crul","/usr/local/lib/R/site-library","1.2.0",NA,NA,"curl (>= 3.3), R6 (>= 2.2.0), urltools (>= 1.6.0), httpcode
(>= 0.2.0), jsonlite, mime",NA,"testthat, roxygen2 (>= 7.1.1), fauxpas (>= 0.1.0), webmockr
(>= 0.1.0), knitr, rmarkdown",NA,"MIT + file LICENSE",NA,NA,NA,NA,"no","4.2.0"
"curl","curl","/usr/local/lib/R/site-library","4.3.2",NA,"R (>= 3.0.0)",NA,NA,"spelling, testthat (>= 1.0.0), knitr, jsonlite, rmarkdown,
magrittr, httpuv (>= 1.4.4), webutils",NA,"MIT + file LICENSE",NA,NA,NA,NA,"yes","4.2.0"
"data.table","data.table","/usr/local/lib/R/site-library","1.14.2",NA,"R (>= 3.1.0)","methods",NA,"bit64 (>= 4.0.0), bit (>= 4.0.4), curl, R.utils, xts,
nanotime, zoo (>= 1.8-1), yaml, knitr, rmarkdown",NA,"MPL-2.0 | file LICENSE",NA,NA,NA,NA,"yes","4.2.0"
"DBI","DBI","/usr/local/lib/R/site-library","1.1.3",NA,"methods, R (>= 3.0.0)",NA,NA,"blob, covr, DBItest, dbplyr, downlit, dplyr, glue, hms,
knitr, magrittr, RMariaDB, rmarkdown, rprojroot, RSQLite (>=
1.1-2), testthat, xml2",NA,"LGPL (>= 2.1)",NA,NA,NA,NA,"no","4.2.0"
"dbplyr","dbplyr","/usr/local/lib/R/site-library","2.2.1",NA,"R (>= 3.1)","assertthat (>= 0.2.0), blob (>= 1.2.0), cli (>= 3.3.0), DBI
(>= 1.0.0), dplyr (>= 1.0.9), glue (>= 1.2.0), lifecycle (>=
1.0.0), magrittr, methods, pillar (>= 1.5.0), purrr (>= 0.2.5),
R6 (>= 2.2.2), rlang (>= 1.0.0), tibble (>= 1.4.2), tidyselect
(>= 0.2.4), utils, vctrs (>= 0.4.1), withr",NA,"bit64, covr, knitr, Lahman, nycflights13, odbc, RMariaDB (>=
1.0.2), rmarkdown, RPostgres (>= 1.1.3), RPostgreSQL, RSQLite
(>= 2.1.0), testthat (>= 3.0.2), tidyr (>= 1.2.0)",NA,"MIT + file LICENSE",NA,NA,NA,NA,"no","4.2.0"
"deldir","deldir","/usr/local/lib/R/site-library","1.0-6",NA,"R (>= 3.5.0)","graphics, grDevices",NA,"polyclip",NA,"GPL (>= 2)",NA,NA,NA,NA,"yes","4.2.0"
"desc","desc","/usr/local/lib/R/site-library","1.4.1",NA,"R (>= 3.4)","cli, R6, rprojroot, utils",NA,"callr, covr, gh, spelling, testthat, whoami, withr",NA,"MIT + file LICENSE",NA,NA,NA,NA,"no","4.2.0"
"devtools","devtools","/usr/local/lib/R/site-library","2.4.4",NA,"R (>= 3.0.2), usethis (>= 2.1.6)","cli (>= 3.3.0), desc (>= 1.4.1), ellipsis (>= 0.3.2), fs (>=
1.5.2), lifecycle (>= 1.0.1), memoise (>= 2.0.1), miniUI (>=
0.1.1.1), pkgbuild (>= 1.3.1), pkgdown (>= 2.0.6), pkgload (>=
1.3.0), profvis (>= 0.3.7), rcmdcheck (>= 1.4.0), remotes (>=
2.4.2), rlang (>= 1.0.4), roxygen2 (>= 7.2.1), rversions (>=
2.1.1), sessioninfo (>= 1.2.2), stats, testthat (>= 3.1.4),
tools, urlchecker (>= 1.0.1), utils, withr (>= 2.5.0)",NA,"BiocManager (>= 1.30.18), callr (>= 3.7.1), covr (>= 3.5.1),
curl (>= 4.3.2), digest (>= 0.6.29), DT (>= 0.23), foghorn (>=
1.4.2), gh (>= 1.3.0), gmailr (>= 1.0.1), httr (>= 1.4.3),
knitr (>= 1.39), lintr (>= 3.0.0), MASS, mockery (>= 0.4.3),
pingr (>= 2.0.1), rhub (>= 1.1.1), rmarkdown (>= 2.14),
rstudioapi (>= 0.13), spelling (>= 2.2)",NA,"MIT + file LICENSE",NA,NA,NA,NA,"no","4.2.0"
"diffobj","diffobj","/usr/local/lib/R/site-library","0.3.5",NA,"R (>= 3.1.0)","crayon (>= 1.3.2), tools, methods, utils, stats",NA,"knitr, rmarkdown",NA,"GPL-2 | GPL-3",NA,NA,NA,NA,"yes","4.2.0"
"digest","digest","/usr/local/lib/R/site-library","0.6.29",NA,"R (>= 3.3.0)","utils",NA,"tinytest, simplermarkdown",NA,"GPL (>= 2)",NA,NA,NA,NA,"yes","4.2.0"
"docopt","docopt","/usr/local/lib/R/site-library","0.7.1",NA,NA,"methods",NA,"testthat",NA,"MIT + file LICENSE",NA,NA,NA,NA,"no","4.2.1"
"downlit","downlit","/usr/local/lib/R/site-library","0.4.2",NA,"R (>= 3.4.0)","brio, desc, digest, evaluate, fansi, memoise, rlang, vctrs,
withr, yaml",NA,"covr, htmltools, jsonlite, MASS, MassSpecWavelet, pkgload,
rmarkdown, testthat (>= 3.0.0), xml2",NA,"MIT + file LICENSE",NA,NA,NA,NA,"no","4.2.0"
"dplyr","dplyr","/usr/local/lib/R/site-library","1.0.9",NA,"R (>= 3.4.0)","generics, glue (>= 1.3.2), lifecycle (>= 1.0.1), magrittr (>=
1.5), methods, R6, rlang (>= 1.0.2), tibble (>= 2.1.3),
tidyselect (>= 1.1.1), utils, vctrs (>= 0.4.1), pillar (>=
1.5.1)",NA,"bench, broom, callr, covr, DBI, dbplyr (>= 1.4.3), ggplot2,
knitr, Lahman, lobstr, microbenchmark, nycflights13, purrr,
rmarkdown, RMySQL, RPostgreSQL, RSQLite, testthat (>= 3.1.1),
tidyr, withr",NA,"MIT + file LICENSE",NA,NA,NA,NA,"yes","4.2.0"
"dqrng","dqrng","/usr/local/lib/R/site-library","0.3.0",NA,"R (>= 3.1.0)","Rcpp (>= 0.12.16)","Rcpp, BH (>= 1.64.0-1), sitmo (>= 2.0.0)","testthat, knitr, rmarkdown",NA,"AGPL-3 | file LICENSE",NA,NA,NA,NA,"yes","4.2.0"
"dtplyr","dtplyr","/usr/local/lib/R/site-library","1.2.1",NA,"R (>= 3.3)","crayon, data.table (>= 1.13.0), dplyr (>= 1.0.3), ellipsis,
glue, lifecycle, rlang, tibble, tidyselect, vctrs",NA,"bench, covr, knitr, rmarkdown, testthat (>= 3.0.0), tidyr (>=
1.1.0)",NA,"MIT + file LICENSE",NA,NA,NA,NA,"no","4.2.0"
"duckdb","duckdb","/usr/local/lib/R/site-library","0.4.0",NA,"DBI, R (>= 3.6.0)","methods, utils",NA,"arrow, callr, DBItest, dplyr, dbplyr, nycflights13, testthat,
tibble, vctrs, withr",NA,"MIT + file LICENSE",NA,NA,NA,NA,"yes","4.2.0"
"e1071","e1071","/usr/local/lib/R/site-library","1.7-11",NA,NA,"graphics, grDevices, class, stats, methods, utils, proxy",NA,"cluster, mlbench, nnet, randomForest, rpart, SparseM, xtable,
Matrix, MASS, slam",NA,"GPL-2 | GPL-3",NA,NA,NA,NA,"yes","4.2.0"
"ellipsis","ellipsis","/usr/local/lib/R/site-library","0.3.2",NA,"R (>= 3.2)","rlang (>= 0.3.0)",NA,"covr, testthat",NA,"MIT + file LICENSE",NA,NA,NA,NA,"yes","4.2.0"
"evaluate","evaluate","/usr/local/lib/R/site-library","0.15",NA,"R (>= 3.0.2)","methods",NA,"covr, ggplot2, lattice, testthat",NA,"MIT + file LICENSE",NA,NA,NA,NA,"no","4.2.0"
"fansi","fansi","/usr/local/lib/R/site-library","1.0.3",NA,"R (>= 3.1.0)","grDevices, utils",NA,"unitizer, knitr, rmarkdown",NA,"GPL-2 | GPL-3",NA,NA,NA,NA,"yes","4.2.0"
"farver","farver","/usr/local/lib/R/site-library","2.1.1",NA,NA,NA,NA,"covr, testthat (>= 3.0.0)",NA,"MIT + file LICENSE",NA,NA,NA,NA,"yes","4.2.0"
"fastmap","fastmap","/usr/local/lib/R/site-library","1.1.0",NA,NA,NA,NA,"testthat (>= 2.1.1)",NA,"MIT + file LICENSE",NA,NA,NA,NA,"yes","4.2.0"
"fitdistrplus","fitdistrplus","/usr/local/lib/R/site-library","1.1-8",NA,"R (>= 3.5.0), MASS, grDevices, survival, methods","stats",NA,"actuar, rgenoud, mc2d, gamlss.dist, knitr, ggplot2,
GeneralizedHyperbolic, rmarkdown, Hmisc",NA,"GPL (>= 2)",NA,NA,NA,NA,"no","4.2.0"
"FNN","FNN","/usr/local/lib/R/site-library","1.1.3.1",NA,"R (>= 3.0.0)",NA,NA,"chemometrics, mvtnorm",NA,"GPL (>= 2)",NA,NA,NA,NA,"yes","4.2.0"
"fontawesome","fontawesome","/usr/local/lib/R/site-library","0.3.0",NA,"R (>= 3.3.0)","rlang (>= 0.4.10), htmltools (>= 0.5.1.1)",NA,"covr, dplyr (>= 1.0.8), knitr (>= 1.31), testthat (>= 3.0.0),
rsvg",NA,"MIT + file LICENSE",NA,NA,NA,NA,"no","4.2.0"
"forcats","forcats","/usr/local/lib/R/site-library","0.5.1",NA,"R (>= 3.2)","ellipsis, magrittr, rlang, tibble",NA,"covr, dplyr, ggplot2, knitr, readr, rmarkdown, testthat",NA,"MIT + file LICENSE",NA,NA,NA,NA,"no","4.2.0"
"fs","fs","/usr/local/lib/R/site-library","1.5.2",NA,"R (>= 3.1)","methods",NA,"testthat, covr, pillar (>= 1.0.0), tibble (>= 1.1.0), crayon,
rmarkdown, knitr, withr, spelling, vctrs (>= 0.3.0)",NA,"MIT + file LICENSE",NA,NA,NA,NA,"yes","4.2.0"
"fst","fst","/usr/local/lib/R/site-library","0.9.8",NA,"R (>= 3.0.0)","fstcore, Rcpp","Rcpp, fstcore","testthat, bit64, data.table, lintr, nanotime, crayon",NA,"AGPL-3 | file LICENSE",NA,NA,NA,NA,"yes","4.2.0"
"fstcore","fstcore","/usr/local/lib/R/site-library","0.9.12",NA,"R (>= 3.0.0)","Rcpp","Rcpp","testthat, lintr",NA,"MPL-2.0 | file LICENSE",NA,NA,NA,NA,"yes","4.2.0"
"future","future","/usr/local/lib/R/site-library","1.27.0",NA,NA,"digest, globals (>= 0.15.0), listenv (>= 0.8.0), parallel,
parallelly (>= 1.31.1), tools, utils",NA,"methods, RhpcBLASctl, R.rsp, markdown",NA,"LGPL (>= 2.1)",NA,NA,NA,NA,"no","4.2.0"
"future.apply","future.apply","/usr/local/lib/R/site-library","1.9.0",NA,"R (>= 3.2.0), future (>= 1.22.1)","globals (>= 0.14.0), parallel, utils",NA,"datasets, stats, tools, listenv (>= 0.8.0), R.rsp, markdown",NA,"GPL (>= 2)",NA,NA,NA,NA,"no","4.2.0"
"gargle","gargle","/usr/local/lib/R/site-library","1.2.0",NA,"R (>= 3.3)","cli (>= 3.0.0), fs (>= 1.3.1), glue (>= 1.3.0), httr (>=
1.4.0), jsonlite, rappdirs, rlang (>= 0.4.9), rstudioapi,
stats, utils, withr",NA,"aws.ec2metadata, aws.signature, covr, httpuv, knitr, mockr,
rmarkdown, sodium, spelling, testthat (>= 3.0.0)",NA,"MIT + file LICENSE",NA,NA,NA,NA,"no","4.2.0"
"generics","generics","/usr/local/lib/R/site-library","0.1.3",NA,"R (>= 3.2)","methods",NA,"covr, pkgload, testthat (>= 3.0.0), tibble, withr",NA,"MIT + file LICENSE",NA,NA,NA,NA,"no","4.2.0"
"geojson","geojson","/usr/local/lib/R/site-library","0.3.4",NA,NA,"methods, sp, jsonlite (>= 1.6), protolite (>= 1.8), jqr (>=
1.1.0), magrittr, lazyeval",NA,"geojsonlint (>= 0.2.0), tibble, testthat, knitr, rmarkdown,
sf, stringi",NA,"MIT + file LICENSE",NA,NA,NA,NA,"no","4.2.0"
"geojsonio","geojsonio","/usr/local/lib/R/site-library","0.9.4",NA,"R (>= 2.10)","methods, sp, sf (>= 0.6), geojsonsf, rgeos, crul, maptools,
jsonlite (>= 0.9.21), magrittr, readr (>= 0.2.2), V8, geojson
(>= 0.2.0), jqr",NA,"gistr, testthat, leaflet, maps, DBI, RPostgres","RColorBrewer","MIT + file LICENSE",NA,NA,NA,NA,"no","4.2.0"
"geojsonsf","geojsonsf","/usr/local/lib/R/site-library","2.0.3",NA,"R (>= 3.3.0)","Rcpp","geometries, jsonify (>= 1.1.1), rapidjsonr (>= 1.2.0), Rcpp,
sfheaders (>= 0.2.2)","covr, jsonify, knitr, rmarkdown, tinytest",NA,"MIT + file LICENSE",NA,NA,NA,NA,"yes","4.2.0"
"geometries","geometries","/usr/local/lib/R/site-library","0.2.0",NA,NA,"Rcpp","Rcpp","covr, knitr, rmarkdown, tinytest",NA,"MIT + file LICENSE",NA,NA,NA,NA,"yes","4.2.0"
"gert","gert","/usr/local/lib/R/site-library","1.6.0",NA,NA,"askpass, credentials (>= 1.2.1), openssl (>= 1.4.1),
rstudioapi (>= 0.11), sys, zip (>= 2.1.0)",NA,"spelling, knitr, rmarkdown, testthat",NA,"MIT + file LICENSE",NA,NA,NA,NA,"yes","4.2.0"
"ggdendro","ggdendro","/usr/local/lib/R/site-library","0.1.23",NA,NA,"MASS, ggplot2(>= 0.9.2)",NA,"rpart (>= 4.0-0), tree, testthat, knitr, cluster, scales,
spelling, rmarkdown, covr",NA,"GPL-2 | GPL-3",NA,NA,NA,NA,"no","4.2.0"
"ggplot2","ggplot2","/usr/local/lib/R/site-library","3.3.6",NA,"R (>= 3.3)","digest, glue, grDevices, grid, gtable (>= 0.1.1), isoband,
MASS, mgcv, rlang (>= 0.4.10), scales (>= 0.5.0), stats,
tibble, withr (>= 2.0.0)",NA,"covr, ragg, dplyr, ggplot2movies, hexbin, Hmisc, interp,
knitr, lattice, mapproj, maps, maptools, multcomp, munsell,
nlme, profvis, quantreg, RColorBrewer, rgeos, rmarkdown, rpart,
sf (>= 0.7-3), svglite (>= 1.2.0.9001), testthat (>= 2.1.0),
vdiffr (>= 1.0.0), xml2","sp","MIT + file LICENSE",NA,NA,NA,NA,"no","4.2.0"
"ggrepel","ggrepel","/usr/local/lib/R/site-library","0.9.1",NA,"R (>= 3.0.0), ggplot2 (>= 2.2.0)","grid, Rcpp, rlang (>= 0.3.0), scales (>= 0.5.0)","Rcpp","knitr, rmarkdown, testthat, gridExtra, devtools, prettydoc,
ggbeeswarm, dplyr, magrittr, readr, stringr",NA,"GPL-3 | file LICENSE",NA,NA,NA,NA,"yes","4.2.0"
"ggridges","ggridges","/usr/local/lib/R/site-library","0.5.3",NA,"R (>= 3.2)","ggplot2 (>= 3.0.0), grid (>= 3.0.0), plyr (>= 1.8.0), scales
(>= 0.4.1), withr (>= 2.1.1)",NA,"covr, dplyr, patchwork, ggplot2movies, forcats, knitr,
rmarkdown, testthat, vdiffr",NA,"GPL-2 | file LICENSE",NA,NA,NA,NA,"no","4.2.0"
"gh","gh","/usr/local/lib/R/site-library","1.3.0",NA,NA,"cli (>= 2.0.1), gitcreds, httr (>= 1.2), ini, jsonlite",NA,"covr, knitr, mockery, rmarkdown, rprojroot, spelling,
testthat (>= 2.3.2), withr",NA,"MIT + file LICENSE",NA,NA,NA,NA,"no","4.2.0"
"gitcreds","gitcreds","/usr/local/lib/R/site-library","0.1.1",NA,NA,NA,NA,"codetools, testthat, knitr, mockery, oskeyring, rmarkdown,
withr",NA,"MIT + file LICENSE",NA,NA,NA,NA,"no","4.2.0"
"globals","globals","/usr/local/lib/R/site-library","0.16.0",NA,"R (>= 3.1.2)","codetools",NA,NA,NA,"LGPL (>= 2.1)",NA,NA,NA,NA,"no","4.2.0"
"glue","glue","/usr/local/lib/R/site-library","1.6.2",NA,"R (>= 3.4)","methods",NA,"covr, crayon, DBI, dplyr, forcats, ggplot2, knitr, magrittr,
microbenchmark, R.utils, rmarkdown, rprintf, RSQLite, stringr,
testthat (>= 3.0.0), vctrs (>= 0.3.0), waldo (>= 0.3.0), withr",NA,"MIT + file LICENSE",NA,NA,NA,NA,"yes","4.2.0"
"goftest","goftest","/usr/local/lib/R/site-library","1.2-3",NA,"R (>= 3.3)","stats",NA,NA,NA,"GPL (>= 2)",NA,NA,NA,NA,"yes","4.2.0"
"googledrive","googledrive","/usr/local/lib/R/site-library","2.0.0",NA,"R (>= 3.3)","cli (>= 3.0.0), gargle (>= 1.2.0), glue (>= 1.4.2), httr,
jsonlite, lifecycle, magrittr, pillar, purrr (>= 0.2.3), rlang
(>= 0.4.9), tibble (>= 2.0.0), utils, uuid, vctrs (>= 0.3.0),
withr",NA,"covr, curl, downlit, dplyr (>= 1.0.0), knitr, mockr,
rmarkdown, roxygen2, sodium, spelling, testthat (>= 3.0.0)",NA,"MIT + file LICENSE",NA,NA,NA,NA,"no","4.2.0"
"googlesheets4","googlesheets4","/usr/local/lib/R/site-library","1.0.0",NA,"R (>= 3.3)","cellranger, cli (>= 3.0.0), curl, gargle (>= 1.2.0), glue (>=
1.3.0), googledrive (>= 2.0.0), httr, ids, magrittr, methods,
purrr, rematch2, rlang (>= 0.4.11), tibble (>= 2.1.1), utils,
vctrs (>= 0.2.3)",NA,"covr, readr, rmarkdown, sodium, spelling, testthat (>=
3.0.0), withr",NA,"MIT + file LICENSE",NA,NA,NA,NA,"no","4.2.0"
"gplots","gplots","/usr/local/lib/R/site-library","3.1.3",NA,"R (>= 3.0)","gtools, stats, caTools, KernSmooth, methods",NA,"grid, MASS, knitr, r2d2",NA,"GPL-2",NA,NA,NA,NA,"no","4.2.0"
"gridExtra","gridExtra","/usr/local/lib/R/site-library","2.3",NA,NA,"gtable, grid, grDevices, graphics, utils",NA,"ggplot2, egg, lattice, knitr, testthat",NA,"GPL (>= 2)",NA,NA,NA,NA,"no","4.2.0"
"gtable","gtable","/usr/local/lib/R/site-library","0.3.0",NA,"R (>= 3.0)","grid",NA,"covr, testthat, knitr, rmarkdown, ggplot2, profvis",NA,"GPL-2",NA,NA,NA,NA,"no","4.2.0"
"gtools","gtools","/usr/local/lib/R/site-library","3.9.3",NA,"methods, stats, utils",NA,NA,"car, gplots, knitr, rstudioapi, SGP, taxize",NA,"GPL-2",NA,NA,NA,NA,"yes","4.2.0"
"haven","haven","/usr/local/lib/R/site-library","2.5.0",NA,"R (>= 3.4)","cli (>= 3.0.0), forcats (>= 0.2.0), hms, lifecycle, methods,
readr (>= 0.1.0), rlang (>= 0.4.0), tibble, tidyselect, vctrs
(>= 0.3.0)","cpp11","covr, crayon, fs, knitr, pillar (>= 1.4.0), rmarkdown,
testthat (>= 3.0.0)",NA,"MIT + file LICENSE",NA,NA,NA,NA,"yes","4.2.0"
"here","here","/usr/local/lib/R/site-library","1.0.1",NA,NA,"rprojroot (>= 2.0.2)",NA,"conflicted, covr, fs, knitr, palmerpenguins, plyr, readr,
rlang, rmarkdown, testthat, uuid, withr",NA,"MIT + file LICENSE",NA,NA,NA,NA,"no","4.2.0"
"highr","highr","/usr/local/lib/R/site-library","0.9",NA,"R (>= 3.2.3)","xfun (>= 0.18)",NA,"knitr, markdown, testit",NA,"GPL",NA,NA,NA,NA,"no","4.2.0"
"hms","hms","/usr/local/lib/R/site-library","1.1.1",NA,NA,"ellipsis (>= 0.3.2), lifecycle, methods, pkgconfig, rlang,
vctrs (>= 0.3.8)",NA,"crayon, lubridate, pillar (>= 1.1.0), testthat (>= 3.0.0)",NA,"MIT + file LICENSE",NA,NA,NA,NA,"no","4.2.0"
"htmlTable","htmlTable","/usr/local/lib/R/site-library","2.4.1",NA,NA,"stringr, knitr (>= 1.6), magrittr (>= 1.5), methods,
checkmate, htmlwidgets, htmltools, rstudioapi (>= 0.6)",NA,"testthat, XML, xml2, Hmisc, reshape, rmarkdown, chron,
lubridate, tibble, purrr, tidyselect, glue, rlang, tidyr (>=
0.7.2), dplyr (>= 0.7.4)",NA,"GPL (>= 3)",NA,NA,NA,NA,"no","4.2.0"
"htmltools","htmltools","/usr/local/lib/R/site-library","0.5.3",NA,"R (>= 2.14.1)","utils, digest, grDevices, base64enc, rlang (>= 0.4.10),
fastmap (>= 1.1.0)",NA,"markdown, testthat, withr, Cairo, ragg, shiny","knitr","GPL (>= 2)",NA,NA,NA,NA,"yes","4.2.0"
"htmlwidgets","htmlwidgets","/usr/local/lib/R/site-library","1.5.4",NA,NA,"grDevices, htmltools (>= 0.3), jsonlite (>= 0.9.16), yaml",NA,"knitr (>= 1.8), rmarkdown, testthat","shiny (>= 1.1)","MIT + file LICENSE",NA,NA,NA,NA,"no","4.2.0"
"httpcode","httpcode","/usr/local/lib/R/site-library","0.3.0",NA,NA,NA,NA,"testthat",NA,"MIT + file LICENSE",NA,NA,NA,NA,"no","4.2.0"
"httpuv","httpuv","/usr/local/lib/R/site-library","1.6.5",NA,"R (>= 2.15.1)","Rcpp (>= 1.0.7), utils, R6, promises, later (>= 0.8.0)","Rcpp, later","testthat, callr, curl, websocket",NA,"GPL (>= 2) | file LICENSE",NA,NA,NA,NA,"yes","4.2.0"
"httr","httr","/usr/local/lib/R/site-library","1.4.3",NA,"R (>= 3.2)","curl (>= 3.0.0), jsonlite, mime, openssl (>= 0.8), R6",NA,"covr, httpuv, jpeg, knitr, png, readr, rmarkdown, testthat
(>= 0.8.0), xml2",NA,"MIT + file LICENSE",NA,NA,NA,NA,"no","4.2.0"
"ica","ica","/usr/local/lib/R/site-library","1.0-3",NA,NA,NA,NA,NA,NA,"GPL (>= 2)",NA,NA,NA,NA,"no","4.2.0"
"ids","ids","/usr/local/lib/R/site-library","1.0.1",NA,NA,"openssl, uuid",NA,"knitr, rcorpora, rmarkdown, testthat",NA,"MIT + file LICENSE",NA,NA,NA,NA,"no","4.2.0"
"igraph","igraph","/usr/local/lib/R/site-library","1.3.4",NA,"methods","graphics, grDevices, magrittr, Matrix, pkgconfig (>= 2.0.0),
rlang, stats, utils",NA,"ape, graph, igraphdata, rgl, scales, stats4, tcltk, testthat,
withr, digest",NA,"GPL (>= 2)",NA,NA,NA,NA,"yes","4.2.0"
"ini","ini","/usr/local/lib/R/site-library","0.3.1",NA,NA,NA,NA,"testthat",NA,"GPL-3",NA,NA,NA,NA,"no","4.2.0"
"irlba","irlba","/usr/local/lib/R/site-library","2.3.5",NA,"R (>= 3.6.2), Matrix","stats, methods","Matrix",NA,NA,"GPL-3",NA,NA,NA,NA,"yes","4.2.0"
"isoband","isoband","/usr/local/lib/R/site-library","0.2.5",NA,NA,"grid, utils",NA,"covr, ggplot2, knitr, magick, microbenchmark, rmarkdown, sf,
testthat, xml2",NA,"MIT + file LICENSE",NA,NA,NA,NA,"yes","4.2.0"
"jquerylib","jquerylib","/usr/local/lib/R/site-library","0.1.4",NA,NA,"htmltools",NA,"testthat",NA,"MIT + file LICENSE",NA,NA,NA,NA,"no","4.2.0"
"jsonify","jsonify","/usr/local/lib/R/site-library","1.2.1",NA,"R (>= 3.3.0)","Rcpp (>= 0.12.18)","rapidjsonr (>= 1.2.0), Rcpp","covr, testthat, knitr, rmarkdown",NA,"MIT + file LICENSE",NA,NA,NA,NA,"yes","4.2.0"
"jsonlite","jsonlite","/usr/local/lib/R/site-library","1.8.0",NA,"methods",NA,NA,"httr, curl, vctrs, testthat, knitr, rmarkdown, R.rsp, sf",NA,"MIT + file LICENSE",NA,NA,NA,NA,"yes","4.2.0"
"knitr","knitr","/usr/local/lib/R/site-library","1.39",NA,"R (>= 3.3.0)","evaluate (>= 0.15), highr, methods, stringr (>= 0.6), yaml (>=
2.1.19), xfun (>= 0.29), tools",NA,"markdown, formatR, testit, digest, rgl (>= 0.95.1201),
codetools, rmarkdown, htmlwidgets (>= 0.7), webshot, tikzDevice
(>= 0.10), tinytex, reticulate (>= 1.4), JuliaCall (>= 0.11.1),
magick, png, jpeg, gifski, xml2 (>= 1.2.0), httr, DBI (>=
0.4-1), showtext, tibble, sass, bslib, ragg, styler (>= 1.2.0),
targets (>= 0.6.0)",NA,"GPL",NA,NA,NA,NA,"no","4.2.0"
"labeling","labeling","/usr/local/lib/R/site-library","0.4.2",NA,NA,"stats, graphics",NA,NA,NA,"MIT + file LICENSE | Unlimited",NA,NA,NA,NA,"no","4.2.0"
"Lahman","Lahman","/usr/local/lib/R/site-library","10.0-1",NA,"R (>= 3.5.0)","dplyr",NA,"lattice, ggplot2, googleVis, data.table, vcd, reshape2,
tidyr, knitr, rmarkdown, car",NA,"GPL",NA,NA,NA,NA,"no","4.2.0"
"later","later","/usr/local/lib/R/site-library","1.3.0",NA,NA,"Rcpp (>= 0.12.9), rlang","Rcpp","knitr, rmarkdown, testthat (>= 2.1.0)",NA,"MIT + file LICENSE",NA,NA,NA,NA,"yes","4.2.0"
"lazyeval","lazyeval","/usr/local/lib/R/site-library","0.2.2",NA,"R (>= 3.1.0)",NA,NA,"knitr, rmarkdown (>= 0.2.65), testthat, covr",NA,"GPL-3",NA,NA,NA,NA,"yes","4.2.0"
"leiden","leiden","/usr/local/lib/R/site-library","0.4.2",NA,NA,"methods, reticulate, Matrix, igraph (>= 1.2.7)",NA,"bipartite, covr, data.table, devtools, graphsim, knitr,
markdown, multiplex, multinet, network, qpdf, RColorBrewer,
remotes, rmarkdown, spelling, testthat, tibble",NA,"GPL-3 | file LICENSE",NA,NA,NA,NA,"no","4.2.0"
"lifecycle","lifecycle","/usr/local/lib/R/site-library","1.0.1",NA,"R (>= 3.3)","glue, rlang (>= 0.4.10)",NA,"covr, crayon, lintr, tidyverse, knitr, rmarkdown, testthat
(>= 3.0.1), tools, tibble, vctrs",NA,"MIT + file LICENSE",NA,NA,NA,NA,"no","4.2.0"
"listenv","listenv","/usr/local/lib/R/site-library","0.8.0",NA,"R (>= 3.1.2)",NA,NA,"R.utils, R.rsp, markdown",NA,"LGPL (>= 2.1)",NA,NA,NA,NA,"no","4.2.0"
"littler","littler","/usr/local/lib/R/site-library","0.3.15",NA,NA,NA,NA,"simplermarkdown, docopt, rcmdcheck, foghorn",NA,"GPL (>= 2)",NA,NA,"unix",NA,"yes","4.2.1"
"lmtest","lmtest","/usr/local/lib/R/site-library","0.9-40",NA,"R (>= 3.0.0), stats, zoo","graphics",NA,"car, strucchange, sandwich, dynlm, stats4, survival, AER",NA,"GPL-2 | GPL-3",NA,NA,NA,NA,"yes","4.2.0"
"lubridate","lubridate","/usr/local/lib/R/site-library","1.8.0",NA,"methods, R (>= 3.2)","generics","cpp11 (>= 0.2.7)","covr, knitr, testthat (>= 2.1.0), vctrs (>= 0.3.0), rmarkdown","chron, timeDate, tis, zoo","GPL (>= 2)",NA,NA,NA,NA,"yes","4.2.0"
"magrittr","magrittr","/usr/local/lib/R/site-library","2.0.3",NA,"R (>= 3.4.0)",NA,NA,"covr, knitr, rlang, rmarkdown, testthat",NA,"MIT + file LICENSE",NA,NA,NA,NA,"yes","4.2.0"
"maptools","maptools","/usr/local/lib/R/site-library","1.1-4",NA,"R (>= 2.10), sp (>= 1.0-11)","foreign (>= 0.8), methods, grid, lattice, stats, utils,
grDevices",NA,"rgeos (>= 0.1-8), spatstat.geom (>= 1.65-0), PBSmapping,
maps, RColorBrewer, raster, polyclip, plotrix, spatstat.linnet
(>= 1.65-3), spatstat.utils (>= 1.19.0), spatstat (>= 2.0-0)","gpclib","GPL (>= 2)",NA,NA,NA,NA,"yes","4.2.0"
"markdown","markdown","/usr/local/lib/R/site-library","1.1",NA,"R (>= 2.11.1)","utils, xfun, mime (>= 0.3)",NA,"knitr, RCurl",NA,"GPL-2",NA,NA,NA,NA,"yes","4.2.0"
"matrixStats","matrixStats","/usr/local/lib/R/site-library","0.62.0",NA,"R (>= 2.12.0)",NA,NA,"base64enc, ggplot2, knitr, markdown, microbenchmark,
R.devices, R.rsp",NA,"Artistic-2.0",NA,NA,NA,NA,"yes","4.2.0"
"memoise","memoise","/usr/local/lib/R/site-library","2.0.1",NA,NA,"rlang (>= 0.4.10), cachem",NA,"digest, aws.s3, covr, googleAuthR, googleCloudStorageR, httr,
testthat",NA,"MIT + file LICENSE",NA,NA,NA,NA,"no","4.2.0"
"mime","mime","/usr/local/lib/R/site-library","0.12",NA,NA,"tools",NA,NA,NA,"GPL",NA,NA,NA,NA,"yes","4.2.0"
"miniUI","miniUI","/usr/local/lib/R/site-library","0.1.1.1",NA,NA,"shiny (>= 0.13), htmltools (>= 0.3), utils",NA,NA,NA,"GPL-3",NA,NA,NA,NA,"no","4.2.0"
"mnormt","mnormt","/usr/local/lib/R/site-library","2.1.0",NA,"R (>= 2.2.0)",NA,NA,NA,NA,"GPL-2 | GPL-3",NA,NA,NA,NA,"yes","4.2.0"
"modelr","modelr","/usr/local/lib/R/site-library","0.1.8",NA,"R (>= 3.2)","broom, magrittr, purrr (>= 0.2.2), rlang (>= 0.2.0), tibble,
tidyr (>= 0.8.0), tidyselect, vctrs",NA,"compiler, covr, ggplot2, testthat",NA,"GPL-3",NA,NA,NA,NA,"no","4.2.0"
"munsell","munsell","/usr/local/lib/R/site-library","0.5.0",NA,NA,"colorspace, methods",NA,"ggplot2, testthat",NA,"MIT + file LICENSE",NA,NA,NA,NA,"no","4.2.0"
"nycflights13","nycflights13","/usr/local/lib/R/site-library","1.0.2",NA,"R (>= 3.2)","tibble",NA,"dplyr",NA,"CC0",NA,NA,NA,NA,"no","4.2.0"
"ontologyIndex","ontologyIndex","/usr/local/lib/R/site-library","2.9",NA,"R (>= 3.1.0)",NA,NA,"knitr, rmarkdown",NA,"GPL (>= 2)",NA,NA,NA,NA,"no","4.2.0"
"openssl","openssl","/usr/local/lib/R/site-library","2.0.2",NA,NA,"askpass",NA,"curl, testthat (>= 2.1.0), digest, knitr, rmarkdown,
jsonlite, jose, sodium",NA,"MIT + file LICENSE",NA,NA,NA,NA,"yes","4.2.0"
"parallelly","parallelly","/usr/local/lib/R/site-library","1.32.1",NA,NA,"parallel, tools, utils",NA,NA,NA,"LGPL (>= 2.1)",NA,NA,NA,NA,"no","4.2.0"
"patchwork","patchwork","/usr/local/lib/R/site-library","1.1.1",NA,NA,"ggplot2 (>= 3.0.0), gtable, grid, stats, grDevices, utils,
graphics",NA,"knitr, rmarkdown, gridGraphics, gridExtra, ragg, testthat (>=
2.1.0), vdiffr, covr, png",NA,"MIT + file LICENSE",NA,NA,NA,NA,"no","4.2.0"
"pbapply","pbapply","/usr/local/lib/R/site-library","1.5-0",NA,"R (>= 3.2.0)","parallel",NA,"shiny",NA,"GPL-2",NA,NA,NA,NA,"no","4.2.0"
"pillar","pillar","/usr/local/lib/R/site-library","1.8.0",NA,NA,"cli (>= 2.3.0), fansi, glue, lifecycle, rlang (>= 1.0.2), utf8
(>= 1.1.0), utils, vctrs (>= 0.3.8)",NA,"bit64, debugme, DiagrammeR, dplyr, formattable, ggplot2,
knitr, lubridate, nanotime, nycflights13, palmerpenguins,
rmarkdown, scales, stringi, survival, testthat (>= 3.1.1),
tibble, units (>= 0.7.2), vdiffr, withr",NA,"MIT + file LICENSE",NA,NA,NA,NA,"no","4.2.0"
"pixmap","pixmap","/usr/local/lib/R/site-library","0.4-12",NA,NA,"methods, graphics, grDevices",NA,NA,NA,"GPL-2",NA,NA,NA,NA,"no","4.2.0"
"pkgbuild","pkgbuild","/usr/local/lib/R/site-library","1.3.1",NA,"R (>= 3.1)","callr (>= 3.2.0), cli, crayon, desc, prettyunits, R6,
rprojroot, withr (>= 2.3.0)",NA,"Rcpp, cpp11, testthat, covr",NA,"MIT + file LICENSE",NA,NA,NA,NA,"no","4.2.0"
"pkgconfig","pkgconfig","/usr/local/lib/R/site-library","2.0.3",NA,NA,"utils",NA,"covr, testthat, disposables (>= 1.0.3)",NA,"MIT + file LICENSE",NA,NA,NA,NA,"no","4.2.0"
"pkgdown","pkgdown","/usr/local/lib/R/site-library","2.0.6",NA,"R (>= 3.1.0)","bslib (>= 0.3.1), callr (>= 2.0.2), cli, desc, digest, downlit
(>= 0.4.0), fs (>= 1.4.0), httr (>= 1.4.2), jsonlite, magrittr,
memoise, purrr, ragg, rlang (>= 1.0.0), rmarkdown (>=
1.1.9007), tibble, whisker, withr (>= 2.4.3), xml2 (>= 1.3.1),
yaml",NA,"covr, diffviewer, evaluate, htmltools, htmlwidgets, knitr,
lifecycle, methods, openssl, pkgload (>= 1.0.2), rsconnect,
rstudioapi, rticles, sass, testthat (>= 3.1.3), tools",NA,"MIT + file LICENSE",NA,NA,NA,NA,"no","4.2.0"
"pkgload","pkgload","/usr/local/lib/R/site-library","1.3.0",NA,"R (>= 3.4.0)","cli (>= 3.3.0), crayon, desc, fs, glue, methods, rlang (>=
1.0.3), rprojroot, utils, withr (>= 2.4.3)",NA,"bitops, covr, mathjaxr, pak, pkgbuild, Rcpp, remotes,
rstudioapi, testthat (>= 3.1.0)",NA,"GPL-3",NA,NA,NA,NA,"no","4.2.0"
"plogr","plogr","/usr/local/lib/R/site-library","0.2.0",NA,NA,NA,NA,"Rcpp",NA,"MIT + file LICENSE",NA,NA,NA,NA,"no","4.2.0"
"plotly","plotly","/usr/local/lib/R/site-library","4.10.0",NA,"R (>= 3.2.0), ggplot2 (>= 3.0.0)","tools, scales, httr (>= 1.3.0), jsonlite (>= 1.6), magrittr,
digest, viridisLite, base64enc, htmltools (>= 0.3.6),
htmlwidgets (>= 1.5.2.9001), tidyr (>= 1.0.0), RColorBrewer,
dplyr, vctrs, tibble, lazyeval (>= 0.2.0), rlang (>= 0.4.10),
crosstalk, purrr, data.table, promises",NA,"MASS, maps, hexbin, ggthemes, GGally, testthat, knitr,
devtools, shiny (>= 1.1.0), shinytest (>= 1.3.0), curl,
rmarkdown, Cairo, broom, webshot, listviewer, dendextend,
maptools, rgeos, sf, png, IRdisplay, processx, plotlyGeoAssets,
forcats, palmerpenguins, rversions, reticulate",NA,"MIT + file LICENSE",NA,NA,NA,NA,"no","4.2.0"
"plyr","plyr","/usr/local/lib/R/site-library","1.8.7",NA,"R (>= 3.1.0)","Rcpp (>= 0.11.0)","Rcpp","abind, covr, doParallel, foreach, iterators, itertools,
tcltk, testthat",NA,"MIT + file LICENSE",NA,NA,NA,NA,"yes","4.2.0"
"png","png","/usr/local/lib/R/site-library","0.1-7",NA,"R (>= 2.9.0)",NA,NA,NA,NA,"GPL-2 | GPL-3",NA,NA,NA,NA,"yes","4.2.0"
"polyclip","polyclip","/usr/local/lib/R/site-library","1.10-0",NA,"R (>= 3.0.0)",NA,NA,NA,NA,"BSL",NA,NA,NA,NA,"yes","4.2.0"
"praise","praise","/usr/local/lib/R/site-library","1.0.0",NA,NA,NA,NA,"testthat",NA,"MIT + file LICENSE",NA,NA,NA,NA,"no","4.2.0"
"prettyunits","prettyunits","/usr/local/lib/R/site-library","1.1.1",NA,NA,NA,NA,"codetools, covr, testthat",NA,"MIT + file LICENSE",NA,NA,NA,NA,"no","4.2.0"
"processx","processx","/usr/local/lib/R/site-library","3.7.0",NA,"R (>= 3.4.0)","ps (>= 1.2.0), R6, utils",NA,"callr (>= 3.7.0), cli (>= 3.3.0), codetools, covr, curl,
debugme, parallel, rlang (>= 1.0.2), testthat (>= 3.0.0), withr",NA,"MIT + file LICENSE",NA,NA,NA,NA,"yes","4.2.0"
"profvis","profvis","/usr/local/lib/R/site-library","0.3.7",NA,"R (>= 3.0)","htmlwidgets (>= 0.3.2), stringr",NA,"knitr, ggplot2, rmarkdown, testthat, devtools, shiny,
htmltools",NA,"GPL-3 | file LICENSE",NA,NA,NA,NA,"yes","4.2.0"
"progress","progress","/usr/local/lib/R/site-library","1.2.2",NA,NA,"hms, prettyunits, R6, crayon",NA,"Rcpp, testthat, withr",NA,"MIT + file LICENSE",NA,NA,NA,NA,"no","4.2.0"
"progressr","progressr","/usr/local/lib/R/site-library","0.10.1",NA,"R (>= 3.5.0)","digest, utils",NA,"graphics, tcltk, beepr, crayon, pbmcapply, progress, purrr,
foreach, plyr, doFuture, future, future.apply, furrr,
rstudioapi, shiny, commonmark, base64enc, tools",NA,"GPL (>= 3)",NA,NA,NA,NA,"no","4.2.0"
"promises","promises","/usr/local/lib/R/site-library","1.2.0.1",NA,NA,"R6, Rcpp, later, rlang, stats, magrittr","later, Rcpp","testthat, future (>= 1.21.0), fastmap (>= 1.1.0), purrr,
knitr, rmarkdown, vembedr, spelling",NA,"MIT + file LICENSE",NA,NA,NA,NA,"yes","4.2.0"
"protolite","protolite","/usr/local/lib/R/site-library","2.1.1",NA,NA,"Rcpp (>= 0.12.12), jsonlite","Rcpp","spelling, curl, testthat, RProtoBuf, sf",NA,"MIT + file LICENSE",NA,NA,NA,NA,"yes","4.2.0"
"proxy","proxy","/usr/local/lib/R/site-library","0.4-27",NA,"R (>= 3.4.0)","stats, utils",NA,"cba",NA,"GPL-2",NA,NA,NA,NA,"yes","4.2.0"
"ps","ps","/usr/local/lib/R/site-library","1.7.1",NA,"R (>= 3.4)","utils",NA,"callr, covr, curl, pillar, pingr, processx (>= 3.1.0), R6,
rlang, testthat (>= 3.0.0),",NA,"MIT + file LICENSE",NA,NA,NA,NA,"yes","4.2.0"
"psych","psych","/usr/local/lib/R/site-library","2.2.5",NA,NA,"mnormt,parallel,stats,graphics,grDevices,methods,lattice,nlme",NA,"psychTools, GPArotation, lavaan, lme4, Rcsdp, graph, knitr,
Rgraphviz",NA,"GPL (>= 2)",NA,NA,NA,NA,"no","4.2.0"
"PTXQC","PTXQC","/usr/local/lib/R/site-library","1.0.13",NA,"R (>= 3.3.0)","data.table, ggplot2 (>= 2.2), ggdendro, grid, grDevices,
gtable, htmlTable, jsonlite, knitr (>= 1.10), magrittr,
methods, ontologyIndex, plyr, R6, R6P, RColorBrewer, reshape2,
rmarkdown, seqinr, stats, utils, UpSetR, xml2, yaml",NA,"testthat",NA,"BSD_3_clause + file LICENSE",NA,NA,NA,NA,"no","4.2.0"
"purrr","purrr","/usr/local/lib/R/site-library","0.3.4",NA,"R (>= 3.2)","magrittr (>= 1.5), rlang (>= 0.3.1)",NA,"covr, crayon, dplyr (>= 0.7.8), knitr, rmarkdown, testthat,
tibble, tidyselect",NA,"GPL-3 | file LICENSE",NA,NA,NA,NA,"yes","4.2.0"
"R6","R6","/usr/local/lib/R/site-library","2.5.1",NA,"R (>= 3.0)",NA,NA,"testthat, pryr",NA,"MIT + file LICENSE",NA,NA,NA,NA,"no","4.2.0"
"R6P","R6P","/usr/local/lib/R/site-library","0.2.2",NA,"R (>= 3.5)","collections, dplyr, purrr, stringr, R6, tibble, tidyr",NA,"testthat, DBI, RSQLite, ggplot2",NA,"MIT + file LICENSE",NA,NA,NA,NA,"no","4.2.0"
"ragg","ragg","/usr/local/lib/R/site-library","1.2.2",NA,NA,"systemfonts (>= 1.0.3), textshaping (>= 0.3.0)","systemfonts, textshaping","covr, testthat, grid, graphics",NA,"MIT + file LICENSE",NA,NA,NA,NA,"yes","4.2.0"
"RANN","RANN","/usr/local/lib/R/site-library","2.6.1",NA,NA,NA,NA,"testthat",NA,"GPL (>= 3)",NA,NA,NA,NA,"yes","4.2.0"
"rapidjsonr","rapidjsonr","/usr/local/lib/R/site-library","1.2.0",NA,NA,NA,NA,NA,NA,"MIT + file LICENSE",NA,NA,NA,NA,"yes","4.2.0"
"rappdirs","rappdirs","/usr/local/lib/R/site-library","0.3.3",NA,"R (>= 3.2)",NA,NA,"roxygen2, testthat (>= 3.0.0), covr, withr",NA,"MIT + file LICENSE",NA,NA,NA,NA,"yes","4.2.0"
"rcmdcheck","rcmdcheck","/usr/local/lib/R/site-library","1.4.0",NA,NA,"callr (>= 3.1.1.9000), cli (>= 3.0.0), curl, desc (>= 1.2.0),
digest, pkgbuild, prettyunits, R6, rprojroot, sessioninfo (>=
1.1.1), utils, withr, xopen",NA,"covr, knitr, mockery, processx, ps, rmarkdown, svglite,
testthat, webfakes",NA,"MIT + file LICENSE",NA,NA,NA,NA,"no","4.2.0"
"RColorBrewer","RColorBrewer","/usr/local/lib/R/site-library","1.1-3",NA,"R (>= 2.0.0)",NA,NA,NA,NA,"Apache License 2.0",NA,NA,NA,NA,"no","4.2.0"
"Rcpp","Rcpp","/usr/local/lib/R/site-library","1.0.9",NA,NA,"methods, utils",NA,"tinytest, inline, rbenchmark, pkgKitten (>= 0.1.2)",NA,"GPL (>= 2)",NA,NA,NA,NA,"yes","4.2.0"
"RcppAnnoy","RcppAnnoy","/usr/local/lib/R/site-library","0.0.19",NA,"R (>= 3.1)","methods, Rcpp","Rcpp","tinytest",NA,"GPL (>= 2)",NA,NA,NA,NA,"yes","4.2.0"
"RcppArmadillo","RcppArmadillo","/usr/local/lib/R/site-library","0.11.2.0.0",NA,"R (>= 3.3.0)","Rcpp (>= 0.11.0), stats, utils, methods","Rcpp","tinytest, Matrix (>= 1.3.0), pkgKitten, reticulate, slam",NA,"GPL (>= 2)",NA,NA,NA,NA,"yes","4.2.0"
"RcppEigen","RcppEigen","/usr/local/lib/R/site-library","0.3.3.9.2",NA,NA,"Matrix (>= 1.1-0), Rcpp (>= 0.11.0), stats, utils","Rcpp","inline, tinytest, pkgKitten, microbenchmark",NA,"GPL (>= 2) | file LICENSE",NA,NA,NA,NA,"yes","4.2.0"
"RcppProgress","RcppProgress","/usr/local/lib/R/site-library","0.4.2",NA,NA,NA,NA,"RcppArmadillo, devtools, roxygen2, testthat",NA,"GPL (>= 3)",NA,NA,NA,NA,"no","4.2.0"
"RcppTOML","RcppTOML","/usr/local/lib/R/site-library","0.1.7",NA,"R (>= 3.3.0)","Rcpp (>= 0.11.5)","Rcpp","tinytest",NA,"GPL (>= 2)",NA,NA,NA,NA,"yes","4.2.0"
"readr","readr","/usr/local/lib/R/site-library","2.1.2",NA,"R (>= 3.1)","cli (>= 3.0.0), clipr, crayon, hms (>= 0.4.1), lifecycle (>=
0.2.0), methods, R6, rlang, tibble, utils, vroom (>= 1.5.6)","cpp11, tzdb (>= 0.1.1)","covr, curl, datasets, knitr, rmarkdown, spelling, stringi,
testthat (>= 3.1.2), tzdb (>= 0.1.1), waldo, withr, xml2",NA,"MIT + file LICENSE",NA,NA,NA,NA,"yes","4.2.0"
"readxl","readxl","/usr/local/lib/R/site-library","1.4.0",NA,"R (>= 3.4)","cellranger, tibble (>= 2.0.1), utils","cpp11 (>= 0.4.0), progress","knitr, rmarkdown, testthat (>= 3.0.0)",NA,"MIT + file LICENSE",NA,NA,NA,NA,"yes","4.2.0"
"rematch","rematch","/usr/local/lib/R/site-library","1.0.1",NA,NA,NA,NA,"covr, testthat",NA,"MIT + file LICENSE",NA,NA,NA,NA,"no","4.2.0"
"rematch2","rematch2","/usr/local/lib/R/site-library","2.1.2",NA,NA,"tibble",NA,"covr, testthat",NA,"MIT + file LICENSE",NA,NA,NA,NA,"no","4.2.0"
"remotes","remotes","/usr/local/lib/R/site-library","2.4.2",NA,"R (>= 3.0.0)","methods, stats, tools, utils",NA,"brew, callr, codetools, curl, covr, git2r (>= 0.23.0), knitr,
mockery, pkgbuild (>= 1.0.1), pingr, rmarkdown, rprojroot,
testthat, webfakes, withr",NA,"MIT + file LICENSE",NA,NA,NA,NA,"no","4.2.0"
"reprex","reprex","/usr/local/lib/R/site-library","2.0.1",NA,"R (>= 3.3)","callr (>= 3.6.0), cli (>= 2.3.1), clipr (>= 0.4.0), fs, glue,
knitr (>= 1.23), rlang (>= 0.4.0), rmarkdown, rstudioapi,
utils, withr (>= 2.3.0)",NA,"covr, fortunes, miniUI, mockr, rprojroot, sessioninfo, shiny,
spelling, styler (>= 1.2.0), testthat (>= 3.0.2)",NA,"MIT + file LICENSE",NA,NA,NA,NA,"no","4.2.0"
"reshape2","reshape2","/usr/local/lib/R/site-library","1.4.4",NA,"R (>= 3.1)","plyr (>= 1.8.1), Rcpp, stringr","Rcpp","covr, lattice, testthat (>= 0.8.0)",NA,"MIT + file LICENSE",NA,NA,NA,NA,"yes","4.2.0"
"reticulate","reticulate","/usr/local/lib/R/site-library","1.25",NA,"R (>= 3.0)","Matrix, Rcpp (>= 0.12.7), RcppTOML, graphics, here, jsonlite,
methods, png, rappdirs, utils, withr","Rcpp","callr, knitr, rlang, rmarkdown, testthat",NA,"Apache License 2.0",NA,NA,NA,NA,"yes","4.2.0"
"rgeos","rgeos","/usr/local/lib/R/site-library","0.5-9",NA,"R (>= 3.3.0), methods, sp (>= 1.1-0)","utils, stats, graphics","sp","maptools (>= 0.8-5), testthat, XML, maps, rgdal",NA,"GPL (>= 2)",NA,NA,NA,NA,"yes","4.2.0"
"rlang","rlang","/usr/local/lib/R/site-library","1.0.4",NA,"R (>= 3.4.0)","utils",NA,"cli (>= 3.1.0), covr, crayon, fs, glue, knitr, magrittr,
methods, pillar, rmarkdown, stats, testthat (>= 3.0.0), tibble,
usethis, vctrs (>= 0.2.3), withr","winch","MIT + file LICENSE",NA,NA,NA,NA,"yes","4.2.0"
"RMariaDB","RMariaDB","/usr/local/lib/R/site-library","1.2.2",NA,"R (>= 2.8.0)","bit64, blob, DBI (>= 1.1.3), hms (>= 0.5.0), lubridate,
methods, Rcpp (>= 0.12.4), rlang","plogr, Rcpp","DBItest (>= 1.7.0), readr, rprojroot, testthat, withr",NA,"MIT + file LICENSE",NA,NA,NA,NA,"yes","4.2.0"
"rmarkdown","rmarkdown","/usr/local/lib/R/site-library","2.14",NA,"R (>= 3.0)","bslib (>= 0.2.5.1), evaluate (>= 0.13), htmltools (>= 0.3.5),
jquerylib, jsonlite, knitr (>= 1.22), methods, stringr (>=
1.2.0), tinytex (>= 0.31), tools, utils, xfun (>= 0.30), yaml
(>= 2.1.19)",NA,"digest, dygraphs, fs, rsconnect, downlit (>= 0.4.0), katex
(>= 1.4.0), sass (>= 0.4.0), shiny (>= 1.6.0), testthat (>=
3.0.3), tibble, tufte, vctrs, withr (>= 2.4.2)",NA,"GPL-3",NA,NA,NA,NA,"no","4.2.0"
"ROCR","ROCR","/usr/local/lib/R/site-library","1.0-11",NA,"R (>= 3.6)","methods, graphics, grDevices, gplots, stats",NA,"testthat, knitr, rmarkdown",NA,"GPL (>= 2)",NA,NA,NA,NA,"no","4.2.0"
"roxygen2","roxygen2","/usr/local/lib/R/site-library","7.2.1",NA,"R (>= 3.3)","brew, cli (>= 3.3.0), commonmark, desc (>= 1.2.0), digest,
knitr, methods, pkgload (>= 1.0.2), purrr (>= 0.3.3), R6 (>=
2.1.2), rlang (>= 1.0.0), stringi, stringr (>= 1.0.0), utils,
withr, xml2","cpp11","covr, R.methodsS3, R.oo, rmarkdown, testthat (>= 3.1.2), yaml",NA,"MIT + file LICENSE",NA,NA,NA,NA,"yes","4.2.0"
"RPostgres","RPostgres","/usr/local/lib/R/site-library","1.4.4",NA,"R (>= 3.1.0)","bit64, blob (>= 1.2.0), DBI (>= 1.1.0), hms (>= 1.0.0),
lubridate, methods, Rcpp (>= 1.0.7), withr","plogr (>= 0.2.0), Rcpp","callr, covr, DBItest (>= 1.7.1), knitr, rmarkdown, testthat",NA,"GPL-3",NA,NA,NA,NA,"yes","4.2.0"
"rprojroot","rprojroot","/usr/local/lib/R/site-library","2.0.3",NA,"R (>= 3.0.0)",NA,NA,"covr, knitr, lifecycle, mockr, rmarkdown, testthat (>=
3.0.0), withr",NA,"MIT + file LICENSE",NA,NA,NA,NA,"no","4.2.0"
"RSQLite","RSQLite","/usr/local/lib/R/site-library","2.2.15",NA,"R (>= 3.1.0)","bit64, blob (>= 1.2.0), DBI (>= 1.1.0), memoise, methods,
pkgconfig, Rcpp (>= 1.0.7)","plogr (>= 0.2.0), Rcpp","callr, DBItest (>= 1.7.0), gert, gh, knitr, rmarkdown, hms,
rvest, testthat, xml2",NA,"LGPL (>= 2.1)",NA,NA,NA,NA,"yes","4.2.0"
"rstudioapi","rstudioapi","/usr/local/lib/R/site-library","0.13",NA,NA,NA,NA,"testthat, knitr, rmarkdown, clipr",NA,"MIT + file LICENSE",NA,NA,NA,NA,"no","4.2.0"
"Rtsne","Rtsne","/usr/local/lib/R/site-library","0.16",NA,NA,"Rcpp (>= 0.11.0), stats","Rcpp","irlba, testthat",NA,"file LICENSE","yes",NA,NA,NA,"yes","4.2.0"
"rversions","rversions","/usr/local/lib/R/site-library","2.1.1",NA,NA,"curl, utils, xml2 (>= 1.0.0)",NA,"mockery, testthat",NA,"MIT + file LICENSE",NA,NA,NA,NA,"no","4.2.0"
"rvest","rvest","/usr/local/lib/R/site-library","1.0.2",NA,"R (>= 3.2)","httr (>= 0.5), lifecycle (>= 1.0.0), magrittr, rlang (>=
0.4.10), selectr, tibble, xml2 (>= 1.3)",NA,"covr, glue, knitr, readr, rmarkdown, repurrrsive, spelling,
stringi (>= 0.3.1), testthat (>= 3.0.2), webfakes",NA,"MIT + file LICENSE",NA,NA,NA,NA,"no","4.2.0"
"s2","s2","/usr/local/lib/R/site-library","1.1.0",NA,"R (>= 3.0.0)","Rcpp, wk (>= 0.6.0)","Rcpp, wk","testthat (>= 3.0.0), vctrs",NA,"Apache License (== 2.0)",NA,NA,NA,NA,"yes","4.2.0"
"sass","sass","/usr/local/lib/R/site-library","0.4.2",NA,NA,"fs, rlang (>= 0.4.10), htmltools (>= 0.5.1), R6, rappdirs",NA,"testthat, knitr, rmarkdown, withr, shiny, curl",NA,"MIT + file LICENSE",NA,NA,NA,NA,"yes","4.2.0"
"scales","scales","/usr/local/lib/R/site-library","1.2.0",NA,"R (>= 3.2)","farver (>= 2.0.3), labeling, lifecycle, munsell (>= 0.5), R6,
RColorBrewer, rlang (>= 1.0.0), viridisLite",NA,"bit64, covr, dichromat, ggplot2, hms (>= 0.5.0), stringi,
testthat (>= 3.0.0), waldo (>= 0.4.0)",NA,"MIT + file LICENSE",NA,NA,NA,NA,"no","4.2.0"
"scattermore","scattermore","/usr/local/lib/R/site-library","0.8",NA,NA,"ggplot2, scales, grid, grDevices, graphics",NA,NA,NA,"GPL (>= 3)",NA,NA,NA,NA,"yes","4.2.0"
"sctransform","sctransform","/usr/local/lib/R/site-library","0.3.3",NA,"R (>= 3.5.0)","dplyr, magrittr, MASS, Matrix, methods, future.apply, future,
ggplot2, reshape2, rlang, gridExtra, matrixStats","RcppArmadillo, Rcpp (>= 0.11.0)","irlba, testthat, knitr","glmGamPoi","GPL-3 | file LICENSE",NA,NA,NA,NA,"yes","4.2.0"
"segmented","segmented","/usr/local/lib/R/site-library","1.6-0",NA,"MASS, nlme",NA,NA,NA,NA,"GPL",NA,NA,NA,NA,"no","4.2.0"
"selectr","selectr","/usr/local/lib/R/site-library","0.4-2",NA,"R (>= 3.0)","methods, stringr, R6",NA,"testthat, XML, xml2",NA,"BSD_3_clause + file LICENCE",NA,NA,NA,NA,"no","4.2.0"
"seqinr","seqinr","/usr/local/lib/R/site-library","4.2-16",NA,"R (>= 2.10.0)","ade4,segmented",NA,NA,NA,"GPL (>= 2)",NA,NA,NA,NA,"yes","4.2.0"
"sessioninfo","sessioninfo","/usr/local/lib/R/site-library","1.2.2",NA,"R (>= 2.10)","cli (>= 3.1.0), tools, utils",NA,"callr, covr, mockery, reticulate, rmarkdown, testthat, withr",NA,"GPL-2",NA,NA,NA,NA,"no","4.2.0"
"Seurat","Seurat","/usr/local/lib/R/site-library","4.1.1",NA,"R (>= 4.0.0), methods","cluster, cowplot, fitdistrplus, future, future.apply, ggplot2
(>= 3.3.0), ggrepel, ggridges, graphics, grDevices, grid, httr,
ica, igraph, irlba, jsonlite, KernSmooth, leiden (>= 0.3.1),
lmtest, MASS, Matrix (>= 1.2-14), matrixStats, miniUI,
patchwork, pbapply, plotly (>= 4.9.0), png, RANN, RColorBrewer,
Rcpp (>= 1.0.7), RcppAnnoy (>= 0.0.18), reticulate, rlang,
ROCR, Rtsne, scales, scattermore (>= 0.7), sctransform (>=
0.3.3), SeuratObject (>= 4.1.0), shiny, spatstat.core,
spatstat.geom, stats, tibble, tools, utils, uwot (>= 0.1.9)","Rcpp (>= 0.11.0), RcppEigen, RcppProgress","ape, rsvd, testthat, hdf5r, S4Vectors, SummarizedExperiment,
SingleCellExperiment, MAST, DESeq2, BiocGenerics,
GenomicRanges, GenomeInfoDb, IRanges, rtracklayer, Rfast2,
monocle, Biobase, VGAM, limma, metap, enrichR, mixtools,
ggrastr",NA,"MIT + file LICENSE",NA,NA,NA,NA,"yes","4.2.0"
"SeuratObject","SeuratObject","/usr/local/lib/R/site-library","4.1.0",NA,"R (>= 4.0.0)","future, future.apply, grDevices, grid, Matrix (>= 1.3.3),
methods, progressr, Rcpp (>= 1.0.5), sp, rgeos, rlang (>=
0.4.7), stats, tools, utils","Rcpp, RcppEigen","ggplot2, testthat",NA,"MIT + file LICENSE",NA,NA,NA,NA,"yes","4.2.0"
"sf","sf","/usr/local/lib/R/site-library","1.0-8",NA,"methods, R (>= 3.3.0)","classInt (>= 0.4-1), DBI (>= 0.8), graphics, grDevices, grid,
magrittr, Rcpp (>= 0.12.18), s2 (>= 1.0.7), stats, tools, units
(>= 0.7-0), utils","Rcpp","blob, covr, dplyr (>= 0.8-3), ggplot2, knitr, lwgeom (>=
0.2-1), maps, mapview, Matrix, microbenchmark, odbc, pbapply,
pillar, pool, raster, rlang, rmarkdown, RPostgres (>= 1.1.0),
RPostgreSQL, RSQLite, sp (>= 1.2-4), spatstat (>= 2.0-1),
spatstat.geom, spatstat.random, spatstat.linnet,
spatstat.utils, stars (>= 0.2-0), terra, testthat, tibble (>=
1.4.1), tidyr (>= 1.2.0), tidyselect (>= 1.0.0), tmap (>= 2.0),
vctrs, wk",NA,"GPL-2 | MIT + file LICENSE",NA,NA,NA,NA,"yes","4.2.0"
"sfheaders","sfheaders","/usr/local/lib/R/site-library","0.4.0",NA,NA,"geometries (>= 0.2.0), Rcpp","geometries, Rcpp","covr, knitr, testthat",NA,"MIT + file LICENSE",NA,NA,NA,NA,"yes","4.2.0"
"shiny","shiny","/usr/local/lib/R/site-library","1.7.2",NA,"R (>= 3.0.2), methods","utils, grDevices, httpuv (>= 1.5.2), mime (>= 0.3), jsonlite
(>= 0.9.16), xtable, fontawesome (>= 0.2.1), htmltools (>=
0.5.2), R6 (>= 2.0), sourcetools, later (>= 1.0.0), promises
(>= 1.1.0), tools, crayon, rlang (>= 0.4.10), fastmap (>=
1.1.0), withr, commonmark (>= 1.7), glue (>= 1.3.2), bslib (>=
0.3.0), cachem, ellipsis, lifecycle (>= 0.2.0)",NA,"datasets, Cairo (>= 1.5-5), testthat (>= 3.0.0), knitr (>=
1.6), markdown, rmarkdown, ggplot2, reactlog (>= 1.0.0),
magrittr, yaml, future, dygraphs, ragg, showtext, sass",NA,"GPL-3 | file LICENSE",NA,NA,NA,NA,"no","4.2.0"
"sitmo","sitmo","/usr/local/lib/R/site-library","2.0.2",NA,"R (>= 3.2.0)","Rcpp (>= 0.12.13)","Rcpp","knitr, rmarkdown, ggplot2",NA,"MIT + file LICENSE",NA,NA,NA,NA,"yes","4.2.0"
"sourcetools","sourcetools","/usr/local/lib/R/site-library","0.1.7",NA,"R (>= 3.0.2)",NA,NA,"testthat",NA,"MIT + file LICENSE",NA,NA,NA,NA,"yes","4.2.0"
"sp","sp","/usr/local/lib/R/site-library","1.5-0",NA,"R (>= 3.0.0), methods","utils, stats, graphics, grDevices, lattice, grid",NA,"RColorBrewer, rgdal (>= 1.2-3), rgeos (>= 0.3-13), gstat,
maptools, deldir, knitr, rmarkdown, sf",NA,"GPL (>= 2)",NA,NA,NA,NA,"yes","4.2.0"
"spatstat.core","spatstat.core","/usr/local/lib/R/site-library","2.4-4",NA,"R (>= 3.5.0), spatstat.data (>= 2.1-0), spatstat.geom (>=
2.4-0), spatstat.random (>= 2.2-0), stats, graphics, grDevices,
utils, methods, nlme, rpart","spatstat.utils (>= 2.3-1), spatstat.sparse (>= 2.0-0), mgcv,
Matrix, abind, tensor, goftest (>= 1.2-2)",NA,"sm, maptools (>= 0.9-9), gsl, locfit, spatial, RandomFields
(>= 3.1.24.1), RandomFieldsUtils(>= 0.3.3.1), fftwtools (>=
0.9-8), nleqslv, spatstat.linnet (>= 2.0-0), spatstat (>=
2.3-3)",NA,"GPL (>= 2)",NA,NA,NA,NA,"yes","4.2.0"
"spatstat.data","spatstat.data","/usr/local/lib/R/site-library","2.2-0",NA,"R (>= 3.5.0)","spatstat.utils (>= 2.1-0), Matrix",NA,"spatstat.geom, spatstat.random, spatstat.core,
spatstat.linnet",NA,"GPL (>= 2)",NA,NA,NA,NA,"no","4.2.0"
"spatstat.geom","spatstat.geom","/usr/local/lib/R/site-library","2.4-0",NA,"R (>= 3.5.0), spatstat.data (>= 2.0-0), stats, graphics,
grDevices, utils, methods","spatstat.utils (>= 2.2-0), deldir (>= 1.0-2), polyclip (>=
1.10-0)",NA,"spatstat.core, spatstat.random, spatstat.linnet, maptools (>=
0.9-9), spatial, fftwtools (>= 0.9-8), spatstat (>= 2.0-0)",NA,"GPL (>= 2)",NA,NA,NA,NA,"yes","4.2.0"
"spatstat.random","spatstat.random","/usr/local/lib/R/site-library","2.2-0",NA,"R (>= 3.5.0), spatstat.data (>= 2.1-0), spatstat.geom (>=
2.4-0), stats, utils, methods, grDevices","spatstat.utils (>= 2.2-0)",NA,"spatial, RandomFields (>= 3.1.24.1), RandomFieldsUtils(>=
0.3.3.1), spatstat.linnet (>= 2.0-0), spatstat.core (>= 2.4-0),
spatstat (>= 2.3-3)",NA,"GPL (>= 2)",NA,NA,NA,NA,"yes","4.2.0"
"spatstat.sparse","spatstat.sparse","/usr/local/lib/R/site-library","2.1-1",NA,"R (>= 3.5.0), stats, utils, methods, Matrix, abind, tensor","spatstat.utils (>= 2.1-0)",NA,NA,NA,"GPL (>= 2)",NA,NA,NA,NA,"yes","4.2.0"
"spatstat.utils","spatstat.utils","/usr/local/lib/R/site-library","2.3-1",NA,"R (>= 3.3.0), stats, graphics, grDevices, utils, methods",NA,NA,"spatstat.core",NA,"GPL (>= 2)",NA,NA,NA,NA,"yes","4.2.0"
"stringi","stringi","/usr/local/lib/R/site-library","1.7.8",NA,"R (>= 3.1)","tools, utils, stats",NA,NA,NA,"file LICENSE",NA,NA,NA,NA,"yes","4.2.0"
"stringr","stringr","/usr/local/lib/R/site-library","1.4.0",NA,"R (>= 3.1)","glue (>= 1.2.0), magrittr, stringi (>= 1.1.7)",NA,"covr, htmltools, htmlwidgets, knitr, rmarkdown, testthat",NA,"GPL-2 | file LICENSE",NA,NA,NA,NA,"no","4.2.0"
"sys","sys","/usr/local/lib/R/site-library","3.4",NA,NA,NA,NA,"unix (>= 1.4), spelling, testthat",NA,"MIT + file LICENSE",NA,NA,NA,NA,"yes","4.2.0"
"systemfonts","systemfonts","/usr/local/lib/R/site-library","1.0.4",NA,"R (>= 3.2.0)",NA,"cpp11 (>= 0.2.1)","testthat (>= 2.1.0), covr, knitr, rmarkdown, tools",NA,"MIT + file LICENSE",NA,NA,NA,NA,"yes","4.2.0"
"tensor","tensor","/usr/local/lib/R/site-library","1.5",NA,NA,NA,NA,NA,NA,"GPL (>= 2)",NA,NA,NA,NA,NA,"4.2.0"
"testthat","testthat","/usr/local/lib/R/site-library","3.1.4",NA,"R (>= 3.1)","brio, callr (>= 3.5.1), cli (>= 3.3.0), crayon (>= 1.3.4),
desc, digest, ellipsis (>= 0.2.0), evaluate, jsonlite,
lifecycle, magrittr, methods, pkgload, praise, processx, ps (>=
1.3.4), R6 (>= 2.2.0), rlang (>= 1.0.1), utils, waldo (>=
0.4.0), withr (>= 2.4.3)",NA,"covr, curl (>= 0.9.5), diffviewer (>= 0.1.0), knitr, mockery,
rmarkdown, rstudioapi, shiny, usethis, vctrs (>= 0.1.0), xml2",NA,"MIT + file LICENSE",NA,NA,NA,NA,"yes","4.2.0"
"textshaping","textshaping","/usr/local/lib/R/site-library","0.3.6",NA,"R (>= 3.2.0)","systemfonts (>= 1.0.0)","cpp11 (>= 0.2.1), systemfonts (>= 1.0.0)","covr, knitr, rmarkdown",NA,"MIT + file LICENSE",NA,NA,NA,NA,"yes","4.2.0"
"tibble","tibble","/usr/local/lib/R/site-library","3.1.8",NA,"R (>= 3.1.0)","fansi (>= 0.4.0), lifecycle (>= 1.0.0), magrittr, methods,
pillar (>= 1.7.0), pkgconfig, rlang (>= 1.0.2), utils, vctrs
(>= 0.3.8)",NA,"bench, bit64, blob, brio, callr, cli, covr, crayon (>=
1.3.4), DiagrammeR, dplyr, evaluate, formattable, ggplot2, hms,
htmltools, knitr, lubridate, mockr, nycflights13, pkgbuild,
pkgload, purrr, rmarkdown, stringi, testthat (>= 3.0.2), tidyr,
withr",NA,"MIT + file LICENSE",NA,NA,NA,NA,"yes","4.2.0"
"tidyr","tidyr","/usr/local/lib/R/site-library","1.2.0",NA,"R (>= 3.1)","dplyr (>= 1.0.0), ellipsis (>= 0.1.0), glue, lifecycle,
magrittr, purrr, rlang, tibble (>= 2.1.1), tidyselect (>=
1.1.0), utils, vctrs (>= 0.3.7)","cpp11 (>= 0.4.0)","covr, data.table, jsonlite, knitr, readr, repurrrsive (>=
1.0.0), rmarkdown, testthat (>= 3.0.0)",NA,"MIT + file LICENSE",NA,NA,NA,NA,"yes","4.2.0"
"tidyselect","tidyselect","/usr/local/lib/R/site-library","1.1.2",NA,"R (>= 3.2)","ellipsis, glue (>= 1.3.0), purrr (>= 0.3.2), rlang (>= 1.0.1),
vctrs (>= 0.3.0)",NA,"covr, crayon, dplyr, knitr, magrittr, rmarkdown, testthat (>=
3.1.1), tibble (>= 2.1.3), withr",NA,"MIT + file LICENSE",NA,NA,NA,NA,"yes","4.2.0"
"tidyverse","tidyverse","/usr/local/lib/R/site-library","1.3.2",NA,"R (>= 3.3)","broom (>= 0.7.10), cli (>= 3.1.0), crayon (>= 1.4.2), dbplyr
(>= 2.1.1), dplyr (>= 1.0.7), dtplyr (>= 1.2.0), forcats (>=
0.5.1), ggplot2 (>= 3.3.5), googledrive (>= 2.0.0),
googlesheets4 (>= 1.0.0), haven (>= 2.4.3), hms (>= 1.1.1),
httr (>= 1.4.2), jsonlite (>= 1.7.2), lubridate (>= 1.8.0),
magrittr (>= 2.0.1), modelr (>= 0.1.8), pillar (>= 1.6.4),
purrr (>= 0.3.4), readr (>= 2.1.1), readxl (>= 1.3.1), reprex
(>= 2.0.1), rlang (>= 0.4.12), rstudioapi (>= 0.13), rvest (>=
1.0.2), stringr (>= 1.4.0), tibble (>= 3.1.6), tidyr (>=
1.1.4), xml2 (>= 1.3.3)",NA,"covr, feather, glue, knitr, rmarkdown, testthat",NA,"MIT + file LICENSE",NA,NA,NA,NA,"no","4.2.0"
"tinytex","tinytex","/usr/local/lib/R/site-library","0.40",NA,NA,"xfun (>= 0.29)",NA,"testit, rstudioapi",NA,"MIT + file LICENSE",NA,NA,NA,NA,"no","4.2.0"
"triebeard","triebeard","/usr/local/lib/R/site-library","0.3.0",NA,NA,"Rcpp","Rcpp","knitr, rmarkdown, testthat",NA,"MIT + file LICENSE",NA,NA,NA,NA,"yes","4.2.0"
"tzdb","tzdb","/usr/local/lib/R/site-library","0.3.0",NA,"R (>= 3.4.0)",NA,"cpp11 (>= 0.4.2)","covr, testthat (>= 3.0.0)",NA,"MIT + file LICENSE",NA,NA,NA,NA,"yes","4.2.0"
"units","units","/usr/local/lib/R/site-library","0.8-0",NA,"R (>= 3.0.2)","Rcpp","Rcpp (>= 0.12.10)","NISTunits, measurements, xml2, magrittr, pillar (>= 1.3.0),
dplyr (>= 1.0.0), vctrs (>= 0.3.1), ggplot2 (> 3.2.1), testthat
(>= 3.0.0), vdiffr, knitr, rmarkdown",NA,"GPL-2",NA,NA,NA,NA,"yes","4.2.0"
"UpSetR","UpSetR","/usr/local/lib/R/site-library","1.4.0",NA,"R (>= 3.0)","ggplot2, gridExtra, plyr, utils, stats, methods, grDevices,
scales",NA,"knitr",NA,"MIT + file LICENSE",NA,NA,NA,NA,"no","4.2.0"
"urlchecker","urlchecker","/usr/local/lib/R/site-library","1.0.1",NA,"R (>= 3.3)","cli, curl, tools, xml2",NA,"covr",NA,"GPL-3",NA,NA,NA,NA,"no","4.2.0"
"urltools","urltools","/usr/local/lib/R/site-library","1.7.3",NA,"R (>= 2.10)","Rcpp, methods, triebeard","Rcpp","testthat, knitr",NA,"MIT + file LICENSE",NA,NA,NA,NA,"yes","4.2.0"
"usethis","usethis","/usr/local/lib/R/site-library","2.1.6",NA,"R (>= 3.4)","cli (>= 3.0.1), clipr (>= 0.3.0), crayon, curl (>= 2.7), desc
(>= 1.4.0), fs (>= 1.3.0), gert (>= 1.4.1), gh (>= 1.2.1), glue
(>= 1.3.0), jsonlite, lifecycle (>= 1.0.0), purrr, rappdirs,
rlang (>= 1.0.0), rprojroot (>= 1.2), rstudioapi, stats, utils,
whisker, withr (>= 2.3.0), yaml",NA,"covr, knitr, magick, mockr, pkgload, rmarkdown, roxygen2 (>=
7.1.2), spelling (>= 1.2), styler (>= 1.2.0), testthat (>=
3.1.0)",NA,"MIT + file LICENSE",NA,NA,NA,NA,"no","4.2.0"
"utf8","utf8","/usr/local/lib/R/site-library","1.2.2",NA,"R (>= 2.10)",NA,NA,"cli, covr, knitr, rlang, rmarkdown, testthat (>= 3.0.0),
withr",NA,"Apache License (== 2.0) | file LICENSE",NA,NA,NA,NA,"yes","4.2.0"
"uuid","uuid","/usr/local/lib/R/site-library","1.1-0",NA,"R (>= 2.9.0)",NA,NA,NA,NA,"MIT + file LICENSE",NA,NA,NA,NA,"yes","4.2.0"
"uwot","uwot","/usr/local/lib/R/site-library","0.1.13",NA,"Matrix","Rcpp, methods, FNN, RcppAnnoy (>= 0.0.17), irlba","Rcpp, RcppProgress, RcppAnnoy, dqrng","testthat, covr, bigstatsr, RSpectra",NA,"GPL (>= 3)",NA,NA,NA,NA,"yes","4.2.0"
"V8","V8","/usr/local/lib/R/site-library","4.2.1",NA,NA,"Rcpp (>= 0.12.12), jsonlite (>= 1.0), curl (>= 1.0), utils","Rcpp","testthat, knitr, rmarkdown",NA,"MIT + file LICENSE",NA,NA,NA,NA,"yes","4.2.0"
"vctrs","vctrs","/usr/local/lib/R/site-library","0.4.1",NA,"R (>= 3.3)","cli (>= 3.2.0), glue, rlang (>= 1.0.2)",NA,"bit64, covr, crayon, dplyr (>= 0.8.5), generics, knitr,
pillar (>= 1.4.4), pkgdown (>= 2.0.1), rmarkdown, testthat (>=
3.0.0), tibble (>= 3.1.3), withr, xml2, waldo (>= 0.2.0),
zeallot",NA,"MIT + file LICENSE",NA,NA,NA,NA,"yes","4.2.0"
"viridisLite","viridisLite","/usr/local/lib/R/site-library","0.4.0",NA,"R (>= 2.10)",NA,NA,"hexbin (>= 1.27.0), ggplot2 (>= 1.0.1), testthat, covr",NA,"MIT + file LICENSE",NA,NA,NA,NA,"no","4.2.0"
"vroom","vroom","/usr/local/lib/R/site-library","1.5.7",NA,"R (>= 3.1)","bit64, crayon, cli, glue, hms, lifecycle, methods, rlang (>=
0.4.2), stats, tibble (>= 2.0.0), tzdb (>= 0.1.1), vctrs (>=
0.2.0), tidyselect, withr","progress (>= 1.2.1), cpp11 (>= 0.2.0), tzdb (>= 0.1.1)","archive, bench (>= 1.1.0), covr, curl, dplyr, forcats, fs,
ggplot2, knitr, patchwork, prettyunits, purrr, rmarkdown,
rstudioapi, scales, spelling, testthat (>= 2.1.0), tidyr,
utils, waldo, xml2",NA,"MIT + file LICENSE",NA,NA,NA,NA,"yes","4.2.0"
"waldo","waldo","/usr/local/lib/R/site-library","0.4.0",NA,NA,"cli, diffobj (>= 0.3.4), fansi, glue, methods, rematch2, rlang
(>= 1.0.0), tibble",NA,"covr, R6, testthat (>= 3.0.0), withr, xml2",NA,"MIT + file LICENSE",NA,NA,NA,NA,"no","4.2.0"
"whisker","whisker","/usr/local/lib/R/site-library","0.4",NA,NA,NA,NA,"markdown",NA,"GPL-3",NA,NA,NA,NA,"no","4.2.0"
"withr","withr","/usr/local/lib/R/site-library","2.5.0",NA,"R (>= 3.2.0)","graphics, grDevices, stats",NA,"callr, covr, DBI, knitr, lattice, methods, rlang, rmarkdown
(>= 2.12), RSQLite, testthat (>= 3.0.0)",NA,"MIT + file LICENSE",NA,NA,NA,NA,"no","4.2.0"
"wk","wk","/usr/local/lib/R/site-library","0.6.0",NA,NA,NA,NA,"testthat (>= 3.0.0), vctrs (>= 0.3.0), sf, tibble, readr",NA,"MIT + file LICENSE",NA,NA,NA,NA,"yes","4.2.0"
"xfun","xfun","/usr/local/lib/R/site-library","0.31",NA,NA,"stats, tools",NA,"testit, parallel, codetools, rstudioapi, tinytex (>= 0.30),
mime, markdown, knitr, htmltools, remotes, pak, rhub, renv,
curl, jsonlite, rmarkdown",NA,"MIT + file LICENSE",NA,NA,NA,NA,"yes","4.2.0"
"xml2","xml2","/usr/local/lib/R/site-library","1.3.3",NA,"R (>= 3.1.0)","methods",NA,"covr, curl, httr, knitr, magrittr, mockery, rmarkdown,
testthat (>= 2.1.0)",NA,"MIT + file LICENSE",NA,NA,NA,NA,"yes","4.2.0"
"xopen","xopen","/usr/local/lib/R/site-library","1.0.0",NA,"R (>= 3.1)","processx",NA,"ps, testthat",NA,"MIT + file LICENSE",NA,NA,NA,NA,"no","4.2.0"
"xtable","xtable","/usr/local/lib/R/site-library","1.8-4",NA,"R (>= 2.10.0)","stats, utils",NA,"knitr, plm, zoo, survival",NA,"GPL (>= 2)",NA,NA,NA,NA,"no","4.2.0"
"yaml","yaml","/usr/local/lib/R/site-library","2.3.5",NA,NA,NA,NA,"RUnit",NA,"BSD_3_clause + file LICENSE",NA,NA,NA,NA,"yes","4.2.0"
"zip","zip","/usr/local/lib/R/site-library","2.2.0",NA,NA,NA,NA,"covr, processx, R6, testthat, withr",NA,"MIT + file LICENSE",NA,NA,NA,NA,"yes","4.2.0"
"zoo","zoo","/usr/local/lib/R/site-library","1.8-10",NA,"R (>= 3.1.0), stats","utils, graphics, grDevices, lattice (>= 0.20-27)",NA,"AER, coda, chron, fts, ggplot2 (>= 3.0.0), mondate, scales,
stinepack, strucchange, timeDate, timeSeries, tis, tseries, xts",NA,"GPL-2 | GPL-3",NA,NA,NA,NA,"yes","4.2.0"
"base","base","/usr/local/lib/R/library","4.2.1","base",NA,NA,NA,"methods",NA,"Part of R 4.2.1",NA,NA,NA,NA,NA,"4.2.1"
"boot","boot","/usr/local/lib/R/library","1.3-28","recommended","R (>= 3.0.0), graphics, stats",NA,NA,"MASS, survival",NA,"Unlimited",NA,NA,NA,NA,"no","4.2.1"
"class","class","/usr/local/lib/R/library","7.3-20","recommended","R (>= 3.0.0), stats, utils","MASS",NA,NA,NA,"GPL-2 | GPL-3",NA,NA,NA,NA,"yes","4.2.1"
"cluster","cluster","/usr/local/lib/R/library","2.1.3","recommended","R (>= 3.5.0)","graphics, grDevices, stats, utils",NA,"MASS, Matrix",NA,"GPL (>= 2)",NA,NA,NA,NA,"yes","4.2.1"
"codetools","codetools","/usr/local/lib/R/library","0.2-18","recommended","R (>= 2.1)",NA,NA,NA,NA,"GPL",NA,NA,NA,NA,"no","4.2.1"
"compiler","compiler","/usr/local/lib/R/library","4.2.1","base",NA,NA,NA,NA,NA,"Part of R 4.2.1",NA,NA,NA,NA,NA,"4.2.1"
"datasets","datasets","/usr/local/lib/R/library","4.2.1","base",NA,NA,NA,NA,NA,"Part of R 4.2.1",NA,NA,NA,NA,NA,"4.2.1"
"foreign","foreign","/usr/local/lib/R/library","0.8-82","recommended","R (>= 4.0.0)","methods, utils, stats",NA,NA,NA,"GPL (>= 2)",NA,NA,NA,NA,"yes","4.2.1"
"graphics","graphics","/usr/local/lib/R/library","4.2.1","base",NA,"grDevices",NA,NA,NA,"Part of R 4.2.1",NA,NA,NA,NA,"yes","4.2.1"
"grDevices","grDevices","/usr/local/lib/R/library","4.2.1","base",NA,NA,NA,"KernSmooth",NA,"Part of R 4.2.1",NA,NA,NA,NA,"yes","4.2.1"
"grid","grid","/usr/local/lib/R/library","4.2.1","base",NA,"grDevices, utils",NA,NA,NA,"Part of R 4.2.1",NA,NA,NA,NA,"yes","4.2.1"
"KernSmooth","KernSmooth","/usr/local/lib/R/library","2.23-20","recommended","R (>= 2.5.0), stats",NA,NA,"MASS, carData",NA,"Unlimited",NA,NA,NA,NA,"yes","4.2.1"
"lattice","lattice","/usr/local/lib/R/library","0.20-45","recommended","R (>= 3.0.0)","grid, grDevices, graphics, stats, utils",NA,"KernSmooth, MASS, latticeExtra","chron","GPL (>= 2)",NA,NA,NA,NA,"yes","4.2.1"
"MASS","MASS","/usr/local/lib/R/library","7.3-57","recommended","R (>= 3.3.0), grDevices, graphics, stats, utils","methods",NA,"lattice, nlme, nnet, survival",NA,"GPL-2 | GPL-3",NA,NA,NA,NA,"yes","4.2.1"
"Matrix","Matrix","/usr/local/lib/R/library","1.4-1","recommended","R (>= 3.5.0)","methods, graphics, grid, stats, utils, lattice",NA,"expm, MASS","MatrixModels, graph, SparseM, sfsmisc, igraph, maptools, sp,
spdep","GPL (>= 2) | file LICENCE",NA,NA,NA,NA,"yes","4.2.1"
"methods","methods","/usr/local/lib/R/library","4.2.1","base",NA,"utils, stats",NA,"codetools",NA,"Part of R 4.2.1",NA,NA,NA,NA,"yes","4.2.1"
"mgcv","mgcv","/usr/local/lib/R/library","1.8-40","recommended","R (>= 3.6.0), nlme (>= 3.1-64)","methods, stats, graphics, Matrix, splines, utils",NA,"parallel, survival, MASS",NA,"GPL (>= 2)",NA,NA,NA,NA,"yes","4.2.1"
"nlme","nlme","/usr/local/lib/R/library","3.1-157","recommended","R (>= 3.5.0)","graphics, stats, utils, lattice",NA,"Hmisc, MASS, SASmixed",NA,"GPL (>= 2)",NA,NA,NA,NA,"yes","4.2.1"
"nnet","nnet","/usr/local/lib/R/library","7.3-17","recommended","R (>= 3.0.0), stats, utils",NA,NA,"MASS",NA,"GPL-2 | GPL-3",NA,NA,NA,NA,"yes","4.2.1"
"parallel","parallel","/usr/local/lib/R/library","4.2.1","base",NA,"tools, compiler",NA,"methods","snow, nws, Rmpi","Part of R 4.2.1",NA,NA,NA,NA,"yes","4.2.1"
"rpart","rpart","/usr/local/lib/R/library","4.1.16","recommended","R (>= 2.15.0), graphics, stats, grDevices",NA,NA,"survival",NA,"GPL-2 | GPL-3",NA,NA,NA,NA,"yes","4.2.1"
"spatial","spatial","/usr/local/lib/R/library","7.3-15","recommended","R (>= 3.0.0), graphics, stats, utils",NA,NA,"MASS",NA,"GPL-2 | GPL-3",NA,NA,NA,NA,"yes","4.2.1"
"splines","splines","/usr/local/lib/R/library","4.2.1","base",NA,"graphics, stats",NA,"Matrix, methods",NA,"Part of R 4.2.1",NA,NA,NA,NA,"yes","4.2.1"
"stats","stats","/usr/local/lib/R/library","4.2.1","base",NA,"utils, grDevices, graphics",NA,"MASS, Matrix, SuppDists, methods, stats4",NA,"Part of R 4.2.1",NA,NA,NA,NA,"yes","4.2.1"
"stats4","stats4","/usr/local/lib/R/library","4.2.1","base",NA,"graphics, methods, stats",NA,NA,NA,"Part of R 4.2.1",NA,NA,NA,NA,NA,"4.2.1"
"survival","survival","/usr/local/lib/R/library","3.3-1","recommended","R (>= 3.5.0)","graphics, Matrix, methods, splines, stats, utils",NA,NA,NA,"LGPL (>= 2)",NA,NA,NA,NA,"yes","4.2.1"
"tcltk","tcltk","/usr/local/lib/R/library","4.2.1","base",NA,"utils",NA,NA,NA,"Part of R 4.2.1",NA,NA,NA,NA,"yes","4.2.1"
"tools","tools","/usr/local/lib/R/library","4.2.1","base",NA,NA,NA,"codetools, methods, xml2, curl, commonmark, knitr, xfun, mathjaxr",NA,"Part of R 4.2.1",NA,NA,NA,NA,"yes","4.2.1"
"utils","utils","/usr/local/lib/R/library","4.2.1","base",NA,NA,NA,"methods, xml2, commonmark, knitr",NA,"Part of R 4.2.1",NA,NA,NA,NA,"yes","4.2.1"
